video_id,speech_duration
AAHiZ-c88ec,492.8175
AEsRr-ZnzNc,135.860625
AJpzk-aFZPU,45.88312499999999
AONXX-h9SdI,65.54250000000005
AOZIY-AwsjM,2.345625000000002
APerX-RLJxo,37.260000000000005
AQbNb-vtBn8,120.08249999999997
AQfXU-TJ8hA,14.040000000000006
AQfXU-wGovo,4.083750000000001
AQzlW-z_mgA,617.5068750000002
ASbUG-sjYzk,109.38374999999998
AXMUA-RQZUE,11.711250000000003
AXkEd-CIG_g,869.2650000000006
AYeMQ-YWROE,111.12187499999999
AaBid-tF4b8,1520.40375
AbWJf-uQ5i4,143.9099999999999
AdQpt-o5a6c,338.39437499999997
AgMIS-4d8ZQ,434.1600000000019
AhkLa-2VX54,17.566874999999996
AjQFQ-5WXLI,4.387499999999999
AlXSJ-ZMLmk,2.413125000000001
AmDOu-TL3po,164.19374999999926
AmDou-_Ijmo,482.59125000000046
ApGam-dLiEg,15.001874999999998
AqSnP-RLVSg,149.698125
AsLfk-FCJPU,257.3268750000001
AtMPU-tiTbY,179.36437499999997
AuDVV-xJWcQ,211.27500000000003
AuWhZ-Rf8f8,8.319374999999997
AvpDG-YLDPY,11.610000000000001
AzTKt-Yb9ec,25.548750000000002
AzmfZ-sXV44,112.97812499999995
BASTB-cWano,28.50187500000002
BCaUl-bzbCI,6.986250000000011
BCeJR-u6lmk,1136.5143750000013
BETxB-7xaJI,29.379375000000003
BGhuZ-OUOIk,33.817499999999995
BGoJe-8HuSM,406.58625000000075
BKxmz-kxC9g,18.748125
BNHjk-fip1c,30.324375000000003
BNUeB-4Boyw,813.0881249999998
BNssC-jM67Y,27.77625000000001
BOsUa-R4Bv4,109.83937500000003
BQUGB-D6P1c,296.9831250000001
BQfJS-R8yIo,398.94187500000055
BTXJv-fPm_E,170.25187499999888
BULDL-56U5s,163.9574999999999
BULDL-oO5mA,180.84937499999987
BWqAY-2vFtg,192.39187500000008
BYsuH-oKS2Y,1886.0006250000008
BZIlO-zZJ3w,2.008125
BabTt-5sDpA,1.873125000000016
BbHjp-N1t0s,560.3849999999996
BbTSe-DAqxY,22.29187499999998
BbdPk-3-gLc,47.908125000000005
BbhJP-ODZHc,12.723749999999988
BcEMb-zlHoY,7.576874999999998
BceJR-Z6CUA,1.9574999999999996
BdKSw-2hdtw,130.96687500000002
BdKsW-GLPLA,3564.8268750000107
BdixE-GFRxE,356.19750000000016
Bdksw--tExI,25.565624999999997
BfCJR-5vY8U,38.8125
BfyWW-XDvpg,3.915000000000001
BiGOW-oHgjc,99.984375
BjqOs-4QDZY,74.04750000000003
BmHGU-GimWQ,25.346249999999987
BnSsC-re5KQ,48.56624999999998
BoKmg-zqosA,17.752500000000005
BotUD-KJyxA,42.3225
BpsCJ-IPgVA,357.73312499999986
BqCyo-bTS48,51.080625
Bqfjs-2PZPA,45.66375000000001
BrAUB-eY_QE,9.855
BrAUb-nOfB0,404.86500000000007
BsPSi-oH-TY,704.2950000000016
BwHtD-Zkm80,163.58624999999995
BzLiG-qa4d4,101.14875000000002
BzlIg-xOMzE,20.368125
Bzlig-jogig,13.078125000000002
CAOSv-pCgSI,1.3837499999999991
CAuJK-Rb8CY,676.1981250000023
CCGIg-mIm2Q,51.181875000000005
CDBec-SqCo4,36.28125
CDKcK-5rJL0,12.673125
CDbEC-Vza_8,27.675000000000004
CDoGU-1ZHuU,367.7568749999999
CFELb-CgJj0,259.9256250000002
CFftd-xy5NQ,11.036250000000003
CGsmn-I75_k,234.27562500000005
CIbco-09YyA,732.0543749999993
CJrYS-IAgwc,52.04249999999999
CKOsN-VLqM8,201.70687500000003
CLfUE-PBrSw,1374.3843749999994
COTOx-8SZUU,3038.4787499999607
COtRY-LmHGc,15.187500000000004
CQIyM-3uucU,20.064375000000002
CRFEZ-xAJkQ,0.0
CRZeh-RIfRE,1382.872500000001
CSLUD-z2-lM,76.30875000000002
CSaLc-Xj_6g,167.29874999999993
CTGYK-042SI,242.02125000000004
CUtME-GNs1s,896.9568749999993
CZiQG-xJ0SM,170.15062499999982
CcTXv-LzP-U,0.0
CcgiG-7BUg4,10.8
CdOfX-Woj_8,6.615000000000002
Cergt-nRwGg,14.698125000000003
CfFTd-yV1Jo,147.38625000000008
CffTd-kB9Xo,317.06437500000015
Cgash-6mtqI,300.4593749999998
Cglfg-fVujM,8.791875
CkTfL-Wr_dc,2.413124999999999
CkujC-FX3D0,393.20437499999986
ClQeq-Y_Enw,231.03562499999992
CmgBb-4Syn0,26.510625000000008
CmzZD-Bnez4,231.05250000000024
CoTox-gosig,58.86000000000001
CoiQI-Z3y5Q,8.859375000000002
CqIYm-BUhuo,3980.981249999977
CqiYm-Gz-kc,11.255625000000004
CrVHb-KDVgY,123.12
CsLUd-7EqaQ,74.43562500000002
CtOBb-iFV3s,271.19812499999944
CtUwB-NHYlo,10.648125
CtuWb-BQOts,24.333750000000002
CvnXF-Rk2IU,61.357499999999995
CwmAJ-5DcxU,428.5912499999996
CxIfq-fxLwc,11.795625000000001
CxMsl-BBuf0,85.45500000000001
CxNIK-cq4kA,0.0
CxNiK-7EoI0,561.3299999999999
CxzLN-PRAXU,6.091875
CzIqg-zna88,834.5193750000003
DBRng-LT_t0,8.184375000000003
DEhkO-bKRh8,12.403125
DGYsL-oY75Q,47.773124999999986
DGwln-bB6nY,2079.2868750000016
DKCCg-tvSOM,6.361874999999998
DKFnM-_Igi0,108.05062499999997
DKlBN-0eBUk,10.648124999999997
DKlbN-YIPLY,106.61625
DLvnz-9F2C4,20.165625000000002
DMYKC-68GIg,794.6943749999991
DNFIi-qOn_I,331.4587499999999
DOicV-fRpds,324.3206250000001
DOpwy-EeLNk,62.37
DPJrM-bYCjA,162.8100000000001
DPMzn-2jGNE,688.9387499999998
DPcpd--vQt0,148.213125
DPjRm-NXeKY,1.6537499999999987
DPmzn-4xsNI,33.0075
DQGgi-vpAF4,142.644375
DSvHr-HfHiY,1431.8100000000013
DVEsB-Unzi8,2474.0606250000283
DVzZX-dXs74,530.7356249999998
DYEFZ-K5Dcw,17.128125
DYEnM-2Lo1g,417.97687499999995
DaFrS-T5g7E,53.46000000000001
DanIR-AlOE8,64.51312500000003
Darzj-6nAyo,184.66312499999995
DcDsF-NxCAs,261.6299999999998
DcLuX-8Q1mg,219.24000000000015
DclUx-iiCHA,9.281250000000004
DdcBj-O4ADY,981.8550000000004
DfREq-rZF_Q,19.119375000000005
DgySl-nouOI,10.833750000000002
DhYug-hAyFw,1473.069375
DhmbE-OI1xA,266.9962500000001
DhnVz-CA9jM,862.5825000000004
DhuFp-6sKZ8,33.85125000000002
DiGbP-eSvtA,1897.0537499999975
DiXkR-5fvwI,0.0
DjdDI-GTmc4,1.1643750000000006
DjjqS-veeis,6.024374999999999
DkdEI-69gUA,1540.2656250000011
DkdEI-re5bI,57.67874999999995
DlVNz-vdCOU,3.374999999999999
DlxKj-RgThE,59.16375000000002
DoDfc-kj63Q,9.298125000000002
DopFQ-VQmiw,1606.1118750000003
DpXqW-yJhPM,226.98562500000006
DuqJc-nROU4,358.5600000000002
DuqiJ-fpofY,15.643124999999998
DwWms-VyZZg,182.48624999999998
DzBOo-iu5Ds,215.611875
DzChj-WpzRA,138.86437500000002
DzlCx-0vwhg,74.87437499999997
EANTy-qmcdU,26.780624999999997
ECDGu-L6lc0,73.03500000000001
EEZbi-t2Rm0,248.4506250000001
EEuKb-xFSPs,20.806874999999984
EHBWU-KL8Tk,142.99875000000006
EIKIp--YKa8,34.880625
EIUwk-FShBQ,4.353750000000002
EJRCU-4_VsY,10.378125000000004
ELpcl-I08xw,304.17187500000125
ELsTm-rW1q8,73.91249999999997
EMyTH-U17s8,182.58750000000006
EMyth-NDEe0,4.6575
ENENO-Yo_Wc,8.100000000000005
EOxAI-eZDdQ,11.491875
EOxai-xY3Gg,8.083125000000003
EPGRZ-0TZV8,712.7493750000062
EPpSE-pP_LA,0.0
EPyIB-HarNM,0.0
EQSEg-OI4OU,46.49062500000001
EQvaR-7mXxQ,8.319375
ERADX-6IGS8,79.0425
ERVlJ-4uJeY,736.070625000001
ETRQY-HLR3w,133.36312500000005
EVwsG--cj1g,14.461875000000003
EYcFP-YXnSE,2531.8068750000025
EZzio-pQMNY,772.3518750000003
EaNgV-zwvYc,0.0
EdIBl-mcjic,8.606249999999996
EdgJy-q-Xxs,11.880000000000003
EezBi-B7c4Y,8.235000000000001
EfibK-PwOIs,1102.7474999999988
EfsHZ-ivRxg,176.79937500000005
EfvMv-9yb30,28.046249999999986
EgCom-fPgro,245.27812500000115
EgcNN-II9V8,30.931875
Egcnn-9bbm4,5.197500000000001
EhXWM-BABY0,198.26437499999994
EiKVs-231II,114.42937500000001
Eikip-qiSMA,624.8475000000004
Eizbw-4PjtU,5.214374999999999
EldvL-8Uo38,211.34250000000006
EldvL-Hx_Wc,7.1381250000000005
Elstm-39Bm4,66.21750000000003
EmvQs-FEwCk,16.048125000000002
EpYIB-lMrFA,59.65312500000002
EpYib-7pJdQ,271.09687499999995
EpZug-SYBAc,71.44874999999999
EqVAR-lz5e0,105.35062500000001
EredA-_AVsg,235.05187499999906
EskFD-cf5fw,1495.3106249999971
EtRQy-o3bGc,584.803125000001
FAQGk-_pzZw,150.49125000000006
FBzNy-jUpSg,287.66812500000003
FCzdR-HvHNg,117.04500000000003
FExKc-96kpI,291.43124999999964
FExkC-DzMvI,5.231249999999996
FFxuE-WvQRI,1263.4818750000002
FHOhT-muOHU,7.205624999999998
FHWDz-OpbpU,667.6087500000009
FKiWv-r_QrM,775.1362500000002
FNiKV-RYWKs,33.176249999999996
FNolk-XROmg,63.06187500000001
FOTcb-ZJwTI,55.805625000000006
FPNXP-Nhud0,3.5606249999999986
FPufR-rldgI,11.829375000000002
FRnUF-R9w2Q,138.86437499999997
FSrdu-_2MOg,37.310625
FSwlx-zTVEk,60.27750000000001
FTBfy-6pp-k,633.7912499999992
FTPJe-nGwqU,20.04749999999999
FVTkW-nK7IM,16.65562499999997
FVjRL-PHdYI,142.155
FWNCE-7ylG0,211.325625
FawIE-TY9qg,57.27375000000001
FcLZt-vzEeg,653.6699999999992
FeOfI-evVdE,181.81125000000003
FeoFi-FJgc4,56.261250000000004
FfQAu-WYKAA,96.76124999999999
FfxuE-y-HuQ,59.36624999999998
FjWzF-gPFEw,78.53625000000001
FjzQe-MgooU,9.433125000000002
FkZWO-VJbGE,245.69999999999996
FnoLK-7kzAg,2.3793750000000005
FnwwW-d3g6A,54.94500000000012
FnzrO-uXxGU,141.85125
FoLgB-3bixw,61.47562499999999
FotLc-sx0C8,1647.033750000001
Fpzcx-7KSZU,66.09937499999995
FrQOZ-pbRgY,2.4806250000000034
FtjvO-T7Huw,111.5775
FwRpV-hgH7s,17.685000000000002
Fwhqs-5jF84,593.6962500000003
Fxjlx-H28Lk,199.76625
GBFJN-kpPfM,24.553124999999994
GBwvR-FSWvM,63.23062500000025
GDoGt-RZ1Uk,26.274375000000003
GElwx-CugjI,449.29687500000045
GFAYH-hlZUs,88.64437499999997
GFgPw-BfpEU,168.69937500000003
GFgpW-cEyPE,248.7375000000003
GGMBM-ZpJSo,216.59062500000005
GHWcE-I_3ek,566.0212500000001
GHkjC-bUCkA,51.72187499999998
GHptk-tZABk,3.6449999999999982
GIfmE-TnZ4w,72.748125
GIsfe-HcQcw,43.824374999999996
GKAAC--lryg,196.96500000000003
GLUOi-jLp48,38.525625000000005
GMpUT-NZ5hs,18.66375
GMvgV-PGT8I,356.99062499999997
GNRms-vWnYE,307.7325
GNbZu-nop2g,883.338750000001
GNwcH-V7v34,12.605624999999991
GOqVy-BmYrs,171.61874999999998
GPcbD-yBX2A,14.985000000000003
GQACB-oCx90,7.576875000000001
GQdJn-Sk24A,179.58375000000004
GRFcL-s8wH0,29.801250000000003
GUmpr-l8aaE,2.649375
GXkOn-vUZKs,186.97499999999994
GYBzQ-h2Q6g,32.70375000000001
GaQVE-fgGME,10.26
GbMiJ-av4sw,838.6368749999998
GcNTt-8IZJ4,532.5918749999998
GcRvb-NK_QQ,59.48437500000002
GjBmF-LG9mI,107.20687500000001
GkAac-O5MZs,14.242500000000003
GkJHh-y57bU,20.098125
GkkzP-Cxc2k,95.34375
Gluoi-FA3qs,281.3231250000002
GmOKL-Tc5yw,5.551875000000003
GmUoE-mvqjA,24.890625000000004
GoraE-vZruo,136.43437500000002
GqErc-ei1fc,1102.8993749999986
GqVqo-aCwQs,58.03312500000003
Gqdjn-XANdM,1.7381250000000001
GrFCL-C5RxQ,17.094375000000007
GrbMk-mnAKU,8.251874999999995
GsHYG-eL_AY,244.24874999999997
GsfYl-PGlNM,9.7875
GtStE-r1Mps,59.90624999999998
Gtyoz-3jMeI,176.22562500000004
GvUmv-4K0tE,24.198750000000008
GwrBb-7ArA4,6.007499999999999
GygQN-chG6A,575.9943750000001
GzHJh-SeVuc,182.01375000000004
GzTiS-jJ9b4,354.79687500000006
HDyDN-881gw,5.400000000000002
HEEpd--pc4w,218.716875
HEWny-ygCco,63.41624999999908
HGhrR-fA-1Y,471.57187500000003
HIqna-65Ruo,51.55312499999999
HItmT-bEtBo,32.70375
HKCRj-C1m6o,2.4975000000000005
HMMPz-H_P68,261.68062499999996
HMuxw-GtUeo,9.365625000000007
HNZZX-5LsOc,10.918124999999998
HOQvb-RmtQg,45.09
HRJWz-LyRbc,276.0412499999982
HRjiE-h4N8o,102.2625
HSEUk-Gcfzs,176.59687500000015
HSgtv-m5-EA,16.891875
HSnIb-PgCvk,18.444375
HTKav-OFNpM,1.3668750000000003
HUKsF-0jkzg,8.471249999999996
HWKjv-P1eT8,93.36937499999998
HYLGl-woYsU,109.02937500000007
HYxFA-x8lbU,30.172500000000014
HZDqp-NTsP4,88.98187500000004
HaJuU-1s4FM,4507.599375
HaoWv-S6faI,371.3512500000001
HcfPO--Mbw8,1142.8087499999972
Hdphp-2KC8k,11.458125
HduLX-wxjzw,381.40874999999943
Hdvqw-f3gYU,807.1143749999994
HeQov-GdTco,48.515625000000014
HeqAE-sQ5Pk,12.403125000000003
Hewny-Ph7cY,115.86374999999992
HgBwT-PRZaM,7.610624999999994
HhrJi-VWkyQ,28.248749999999998
HiXaa-mhq64,1052.0212500000007
HibJc-9NXh0,157.39312500000014
HjzYu-NoHow,16.368750000000006
HkCrJ-p-JKc,368.398125
HkcrJ-LhBAE,83.311875
HmOsV-_sXL0,239.49000000000026
HmosV-oZpHo,1567.0631249999997
HnRUI-pYdUU,8.994375000000002
HokLZ-yZXIw,12.943125000000002
HokLz-Bo3B4,44.51624999999997
Hoqvb-G4Nr8,259.50375
HpKFM-lMFD4,399.27937499999996
HpKfm-k-gPc,24.688125000000003
HrJWz-nBmFY,52.751250000000006
HrmxU-f0WCI,1.906875
Hrxsa-H5h2A,220.72500000000005
HsgtV-vvXeQ,55.434374999999996
HtJjd-gYOnE,1125.7649999999971
HuKSF-3Ifuw,3044.8743749999944
HuSIG-Ff7Zc,136.58625
HuaLV-LXkWA,477.22499999999997
HxeFF-4LKQs,65.424375
IBNZR-8YPl8,47.790000000000006
IBshZ-1lO_w,2753.5781250000036
ICjVQ-um7LU,120.72374999999997
IEQiJ-RXaEA,33.95249999999999
IFuEz-Nrx8s,2256.3900000000012
IHyCs-6KFpA,22.241250000000022
IIsus-fUKZQ,613.9462500000009
IIsus-tLrLQ,124.858125
IJSus-gY6oM,526.6012499999998
IJjlp-3hPtA,1.636875
ILjUH-H9HpU,826.908750000001
ILjuh-uadHQ,42.22125
ILpDX-DIMHw,65.03624999999992
IMSyp-OYb8M,7.846875000000001
IOnBv-6JAf4,176.71500000000003
IPEwp-D-K7U,102.56625000000005
IPPZb-oKbj0,548.8762500000001
IPQqK-0dloU,162.30374999999938
IQyRE-e2tCQ,2.750625000000001
IRrSR-C0nFM,671.0006250000007
ISGMc-qK7Kg,50.23687499999998
ISejz-zhD3w,15.01875
ISkEk-5lJxU,524.6775000000001
ISugY-yFgyk,181.91250000000002
ITSIR-WvotU,2300.7037500000033
IUpCo-COn1g,555.6431250000002
IUpcO-yR3XA,633.6900000000069
IUpco-hmrjs,2907.224999999996
IWrrm-KB3fg,105.83999999999997
IZMKI-qj-40,1434.5100000000007
IbzKC-CWhYQ,8.083125000000003
IcAMM-Iuh-4,61.526250000000005
IcjRq-jB6rQ,492.10875000000067
Icotx-5ip2A,600.8343749999998
Icxnv-SNDp8,4.404375000000002
IeTfH-7pxvQ,95.63062500000001
Ieram-4H540,13.905000000000001
Ifknm-3C-rE,1204.7906250000005
IfqlG-BCaMk,124.68937500000021
IgSdw-r06uM,264.29625
IgXnU-BW4cI,8054.572500000191
Ihycs-CoH-4,557.4825
IieSb-AEEPY,17.870625
Iisus-tyeng,197.94375
Ilgjr-G18bc,34.08750000000001
ImbMs-NVQws,285.06937500000004
Imrdz-HjtII,158.45624999999995
IoMdj-ArFUs,2.345625
IpMVv-H2NGQ,85.471875
IpQqK-mng5c,4460.43375000002
IpWnS-hqVYk,41.124375
IrLIo-hYjqU,6.344999999999999
IrRjI-Eh8YY,3602.778750000005
IrrSr-kCDBQ,163.43437500000005
IsEJz-cGsHU,39.858750000000015
IsUSy-iaO0U,35.521874999999994
ItSIR-FWbvs,117.77062500000014
ItcJk-XxMb4,227.863125
IuHWZ-S87NQ,10.563750000000004
Ivgbv-W5M2g,291.9881250000001
IviFu-ImJt4,2717.41499999999
IviFu-gMNh0,220.32000000000014
IvifU-hIrI0,21.211875000000003
IwOKR-Miwzg,64.4625
IwenS-LJt5s,156.27937499999996
IxSCT-hucsQ,556.1324999999979
IyKSU-scPvs,8.066250000000004
IzMki-nniGI,237.46500000000003
IzpEo-9EPoM,4.876875
JCveO-qRjRs,126.00562499999995
JCykO-BBpXc,118.1925
JDrcE-lwIpI,1693.085624999995
JFMJf-4wyTw,341.161875
JFkDU-DaTBQ,18.815624999999997
JGTno-YvbCA,55.569375000000015
JGWyu-oCRPw,193.85999999999962
JJIGN--eBo4,2443.7193749999997
JJIgn-NTLp8,768.774375
JLNtO-GyPRI,501.28874999999965
JLaMy-g_uRQ,42.541875000000005
JMIov-Y3yyY,3527.6006250000273
JMzKN-1sOws,75.78562500000004
JNAsF-gEFjk,2.7843750000000007
JObNV-E-OR8,3661.5543749999715
JUFEs-UtuVw,32.90625
JUgSz-VJTFI,6.969375
JVQvl-Cbvns,237.22875
JWjRj-hF9-s,14.765625
JXhuQ-3u-Hg,915.8062500000001
JYIWS-lGApo,89.85937500000003
JYPaP-1PNak,2506.966875
JYPaP-urtU8,7.6275
JYlWR-j-ozg,7.813125000000002
JYwYm-thKII,28.333125000000003
JYyye-IshOc,303.0075
JYyye-M2dfc,62.20124999999997
JZocY-7tr4k,160.34625000000003
JdrCE-WYTA0,14.883750000000003
JeDtB-9GGec,23.203125
JfMHZ-Zg9hc,64.96875000000001
JfWSE-fDu0g,244.82250000000013
JhIZX-ZyVvI,13.145625000000003
JhPhu-rtFw0,42.373125000000016
JhpaQ-zHpbM,55.35
JmlUp-dQiPE,2548.4456250000067
JmlUp-dQiPE_trimmed,838.6706249999995
JmlUp-e6juo,386.3025000000002
JmzKn-YDcv8,56.716875
JnuMU-sSnjI,50.00062500000003
JqOGx-9Uuvs,225.21375
JrHOn-R0CuQ,90.31500000000008
JugSZ-v9Rd8,277.00312500000007
JwTwB-Fj350,87.04125
JyYye-9mMVc,7.948125000000001
Jzbaz-y07qU,30.239999999999995
KAerd-r67ro,494.2181250000002
KAieQ-_eumY,21.211875000000006
KAjBS-XHBcE,2708.876250000002
KBevA-aNLsM,292.6631250000001
KGSDl-TRhu8,3655.9856249999966
KGcgE-LtcSg,333.1293750000001
KHfvG-0Tcnk,4.21875
KHfvg-g3reo,19.473750000000003
KJKkd-FWPng,31.32
KLPaH-fVwYo,434.2106249999997
KMMDm-EBOIg,654.1931250000001
KNfGz-zFLk0,220.30312500000005
KOGKl-cHr-o,148.95562500000003
KPcji-9Xfak,54.337500000000006
KQSfz-Gj8FM,591.6206249999998
KRJhI-5g_4Q,14.85
KRJhI-aRCZg,61.13812500000001
KTKHl-d1b6c,85.43812499999999
KUtzA-KHWGE,68.31
KVVMy-gv5a8,6.1087500000000015
KVaTN-TFuB4,50.6925
KVcHq-wtA6A,7.239374999999999
KcefM-NfOcs,5946.93562499999
KdZeg-cNYwI,17.51625
KegWn-W_s5k,16.04812499999999
KgXqt-bi3Nc,35.57249999999999
KhJDq-7FOsw,819.88875
KhJdQ-YxdTg,76.24125000000002
KjFyo-T5rfk,874.3106249999998
KjZRt-waCbk,55.738125000000004
KkkxV-ydtW8,71.685
KoJel-qAPgo,1119.4874999999997
KqPLL-v3v5M,29.008125000000003
KqUfI-Az_cQ,9.669374999999999
Kqufi-6kvgM,102.95437500000001
KsAeg-8ZJkI,407.81812500000007
KuGuI-yce9k,1901.0362500000015
KuVWF-o3pMQ,26.5275
KubVu-i5QWY,13.685625000000002
Kugui-qMJ2Q,19.47375
Kumfr-UoaTM,21.3975
KvYmn-kUXEg,45.9675
KvaBF-8kuFg,283.24687500000005
KvcHq-8BRVw,109.60312499999999
KwSTD-QjFD8,987.7949999999992
KyJVI-C14uM,28.029375000000005
KyZUI-VJ2Mo,85.94437500000001
KywGz-LEyIA,84.25687500000001
KzKLh-qfK6o,30.003750000000004
LALUM-4Tbbg,3147.5250000000015
LAYrF-dHG6M,680.7543749999995
LBNan-mWoo4,14.428125000000001
LCUNr-dFPPo,6.665625
LCnlH-5R29s,1710.0449999999937
LDuIy-N5h2A,0.0
LEQoy-0m_bA,76.08937500000002
LEery-6GGcU,277.4925
LFQfZ-of5uY,179.56687500000007
LFTAz-4Cpt8,243.57375000000027
LGHZY-x6TwE,6.345000000000002
LGqGR-hBJJQ,17.296875000000004
LKUcp-ohgOQ,137.97000000000008
LLXMD-fyDl4,6.817500000000003
LLXmD-30x70,5.4674999999999985
LOkPS-WdnxI,339.136875
LPCDG-MHe2k,14.5125
LPNgs-ZZcCQ,212.23687500000003
LQqsz-jsBJk,82.06312499999997
LRXAn-OMZz0,6.260625000000003
LTsaM-nPIJg,10.411875000000002
LTyut-RVdEA,49.10625
LVfmZ-huLcs,258.82875
LWyyV-JuzEw,204.8456250000001
LWyyv-y2hlQ,1266.4181249999995
LXlUm-TMVYo,31.59
LYwlU-q7njA,76.35937500000001
LaovN-NFgMU,47.722500000000004
Lbnan-tGxzc,1224.939374999999
LbvkQ-qa8eU,181.99687500000002
LdYlH-LzTyA,272.4806249999998
LduiY-gxKB8,161.34187500000004
Lffel-FHd7w,91.47937499999999
LgjbL-0DTx4,326.5312500000002
LiVfc-SJwEE,70.13250000000001
LivYs-UXnjY,78.485625
LljnH-_JEGs,257.73187500000006
LnsqX-VPr-8,279.4331250000001
LpNGS-304Qs,19.456875
LpcDg--R2KY,109.82249999999999
LrJSA-JhqIo,23.776874999999997
LtAwM-iRmbs,40.1625
LuSaR-jOyeQ,8.133750000000001
LuSar-PNeg0,110.919375
LvAOi-UF1rs,12.234375
LvfMZ-Ao4oA,21.144374999999997
LxiQi-r4La8,72.545625
LyGQM-CeCaY,14.782500000000002
LyGqM-pZuBQ,4.387499999999999
Lygqm-zbia0,32.737500000000026
MApSB-vX-qU,30.780000000000005
MBbUq-DaQVo,7006.753125000001
MCNJK-WUUVA,11.846249999999994
MENWj-vrTc0,944.4431250000009
MFhKe-uNmBw,9.905625000000004
MHAEx-MXemU,2955.1331250000017
MHRLd-iq0mI,61.711875000000006
MHnUy-JMGPg,55.38375
MIxaw-xU0dA,2407.5224999999846
MIxdJ-_Zhz0,100.00125000000004
MJKFe-stvxY,879.440625
MNUhz-ga91M,77.05125000000001
MOCFL-au7II,329.66999999999996
MQHLG-0GuhM,235.72687499999995
MQMDk-flmCE,43.368749999999956
MQTnK-k395Y,264.8193749999999
MRxWl-fTnlE,263.70562499999994
MSFtd-m2-20,1.5693750000000009
MTnFU-EaJfk,551.4581249999999
MUnfe-aTbB4,97.1325
MVcWq-_U_Bs,230.7487499999999
MViuN-GJ7DM,37.37812499999999
MVoPS-eAX1A,6.564375000000003
MWpTg-irsms,10.395
MZgDb-0Qt4w,225.41625
MZpvz-oEHNQ,614.4524999999992
MaBLG-ooCaA,158.65874999999954
McIss-yTPP4,110.32875
McovP-mP2Tg,22.798125000000002
MdKap-dBy6s,225.92250000000013
MgEDj-P4mAY,681.2437499999992
Mgdhw-30uRY,64.56375000000001
MhUIi-zbEzM,302.1974999999995
MhdTl-5RLog,176.29312500000003
MiVPO-Pb2pc,11.643750000000002
MjKLT-YjDaQ,30.155624999999993
Mjumu-MZBbo,123.05249999999994
MkosS-bKc78,437.97374999999994
MlLdI-1hY30,12.757500000000006
MmQff-9D_eM,59.551874999999974
MoIGF-B32vg,393.69375000000025
Mocfl-LPj6A,449.8706249999996
MrWqv-5ri4U,1833.873750000002
MvCwQ-n8iZg,277.47562500000004
MvetP-IQVFI,0.0
MzGDB-UeTAE,304.5093750000002
MzGdB-oW73A,16.6725
MzIbi-RRaIs,98.07750000000003
MzIli-znn98,1342.608750000001
MzpVZ-DjdLE,49.42687500000001
NDcEg-wKTzw,216.99562500000005
NEprv-9dxTk,0.0
NEusy-X-vRA,15.929999999999993
NFVvy-oSs7A,8.960624999999999
NFrix-zYSQo,153.59625000000005
NHJkn-6OMl4,44.600624999999994
NIudC-4zz6M,2658.150000000001
NMZKv-_pWls,0.0
NMZpX-7deyE,197.926875
NMzPX-MERbU,325.333125
NNRTJ-iD0Ng,3.3918750000000006
NNRTj-w4ADc,73.55812500000008
NNUBC-0V87M,319.35937499999983
NQWej-hMiZI,80.46000000000001
NQbNw-q4fyk,58.77562500000009
NQeUm-7zHxA,519.5474999999999
NQjcp-BFk2E,2890.7549999999974
NRbiK-Sj3D8,14.461875
NSXhB-5-yKE,3.7462500000000007
NUgKF-riPic,1.5187499999999998
NVBUL-JDGqE,1332.6187499999996
NWgvy-CZRVc,138.1725
NXOWC-_uzo0,83.26124999999999
NXOwC-ZoL48,156.46500000000003
NZBbX-9dhxU,45.51187499999996
NdCeG-72S5o,521.6906250000012
NdQFA-VDLUc,924.4631249999992
NeaXv-eHiTA,151.41937499999997
NegnS-FIK1g,22.798125000000002
NesYM-g-gWc,4.168124999999999
NhYEG-0tPwA,17.786250000000003
NjceR-PD9ps,229.3818750000002
Njcer-TGqNc,0.0
NknVm-tRxjk,15.5925
NlAIb-9V9QE,41.090625
NlJUx-_rHGY,449.6850000000013
NlmWo-wqX6w,103.49437500000008
NlysD-Zajqc,156.313125
NmzPx-J7ttU,116.92687499999997
NnbvA-fmaQ4,29.953125000000018
NoKMm-KTYDo,8.13375
NpZre-qRV40,46.861875000000005
NqWEJ-0zXEY,177.79499999999996
NrBIK-z-4fo,60.378750000000004
NrBiK-iD0p4,305.3025000000002
Nrryh-RO6uI,692.9212500000001
NsLkU-fSJqE,10.226250000000002
NslKu-UAd5c,50.878125000000004
NsxHb-ofYlY,0.0
NtuEj-vmrvE,10.766250000000001
NvbuL-RvdyU,777.0768749999995
NvjJU-0YS5U,307.4456249999999
NvsjA-X6xH8,160.0087500000001
Nwgvy-HHL30,1.2487500000000011
Nwkcu-9gEh8,17.465625000000003
NxFuY-dvT3E,20.536875000000006
NxLIs-_5lZ8,337.6518750000011
NxoWc-xRy-c,4.978125000000002
OAKDL-NRXLg,240.53624999999994
OAbAy-6gEH8,651.0881250000012
OAfVQ-2Sykc,20.182500000000005
OBSkg-q0cTY,63.43312499999999
OBbue-0y0J8,6.766875000000001
OCHNF-CMSRc,115.35750000000006
OCKOB-ALq2Y,6.378749999999998
OChDq-lZXdc,2496.976875000004
OChdq-p2Q-Q,1357.2731250000015
OEGeB-Bmer8,289.33875000000006
OEcdk-PaY9A,124.08187500000008
OFDek-Qm3Ek,27.658124999999988
OGJzx-bY8Bo,75.56624999999997
OGTmY-tjfdU,10.276875
OIFUM-aWvB8,129.7856250000001
OJbuI--5HJk,1003.4381250000012
OJjWJ-AQDEs,3.1387500000000017
OJpMN-qkCVs,10.934999999999997
OKtOM-PolVE,1.4343750000000028
OLAbU-5ze2Q,0.0
OLHuF-W0CW8,74.35125000000002
OLaBu-mxQwU,11.205000000000002
OLuTa-TbWJ0,400.9331249999998
ONtav-WJWh0,17.482500000000005
OOJEG-VhXfM,710.3700000000019
OPRVz-rAVIk,20.199375000000003
ORgAY-2HIeU,1164.5943750000013
ORoDk-94Ti4,11.255625
OTfdM-nbA2U,23.152499999999996
OURro-v4upE,62.53875
OVBfs-N5jV4,86.77124999999998
OVIKP-o_w50,624.5100000000009
OVbFs-Nrwc8,11678.05687500001
OXOCa-0zFBY,12.6225
OaFVq-znEKc,17.92125
OaTfp-ZhdUw,411.98624999999936
ObabD-rFzfY,1981.901249999999
OeGEb-RjBp4,154.20375000000004
OeoHf-fThcw,0.0
OexNT-WWugE,58.100624999999994
OfAZz-4TzJ8,58.60687499999999
OgPuS-LHihI,1.4006250000000016
Ogpus-DHgYY,312.3393749999999
OjJWj-xEQqk,479.84062500000033
Okluy-YNoRo,25.228125000000002
OksuU-LvNYo,22.561875000000008
OlkhF-dE8WY,21.144375000000007
OoJEg-VxeFE,9.787500000000001
OovXB-r7XMo,181.47375000000005
OpfCe-rzkp0,4257.52875000003
Opfce-YNlVc,20.82375000000001
OrBph-PeXU4,8.336250000000003
OrGaY-8xToE,308.52562499999993
OroDK-ywq7s,78.890625
Oyebx-NzN6I,0.0
OzeYn-xumBQ,869.9737499999998
PBHTM-uAaEE,1639.743749999996
PCaHf-pT04U,1.8562500000000002
PDguT-Z94EQ,343.69312500000007
PDgut-7x3AY,113.87250000000023
PDgut-cNuQQ,359.80875000000015
PHMdJ-AWkd0,594.742499999998
PIAVF-D1R3E,55.839375000000004
PIaVF-8G2Vg,14.461875000000001
PJYWf-fkXHQ,1.771875
PKoIz-rb9EU,316.0012500000003
PMSOC-9Oajc,137.07562499999992
PMTgp-98eP0,36.618750000000006
PMezC-28iyI,108.118125
PPWKQ-1nqN4,261.88312500000006
PPrXo-xvmb0,1723.8318749999999
PPztb-bfuB0,583.9762499999988
PRTis-zqdFM,204.136875
PRpru-aTFic,411.81750000000017
PRtIS-BEYDQ,168.27749999999935
PSLlc-7k05U,12.200624999999999
PSolE-TT83o,19.98
PTwNi-AdXRU,50.2875
PUIXX--PzaQ,380.7506250000001
PVJOw-gcWXs,5.568750000000001
PWBKW-nLUG8,2687.7993750000064
PWBkw-gGf24,3.307500000000001
PZFJG-n1LD0,28.1475
PaCBf-5cCgc,270.2700000000001
PaUhU-5hAK4,345.346875
PbeWL-fMgWI,100.57499999999999
PdNXC-fa1rs,602.3193750000003
PfhPX-eEYLA,7.897500000000002
PfhpX-2_hzs,4.438125
Pfwxr-qOXsE,28.670625000000015
PhGdO-a5X4k,1031.5518750000006
PiaVf-PeMS8,47.01375000000001
PitZu-RZmtM,20.064375000000002
PjMio-j9ZGA,65.28937500000004
PjgTG-fN2s4,54.64125000000001
Pkopl-koZwE,776.9587500000002
PpaDM-R82s0,712.8675000000005
PrJOo-7hwE4,8.64
PsngD-O1nC8,10.310624999999998
PvjOW-5JyQc,5251.972499999964
PwwXW-lXj20,3087.905624999996
PzLEK-xeMsQ,17.769375000000007
QAhcw-S-Ix4,85.28625000000011
QDDAT-NaIW0,1210.4606249999993
QDdat-L1WNE,10.462500000000002
QFSbO-quS00,6.4125000000000005
QFsBO-_lxOU,146.91375
QGBzI-6eFBQ,369.7143750000005
QGNyP-PHJoA,132.78937500000006
QINeP-Cp_uA,545.2481249999997
QITNi-KM_Ms,276.7331249999999
QKQCx-_DVkQ,6.581250000000001
QMEOJ-7btFc,7.374375000000001
QMyCH-g8oPw,0.0
QOASt-Bp6Vo,216.2362500000001
QOUIf-basN4,36.45
QQHSz-6f7pU,13.736250000000002
QRgzn-qQkR8,143.23500000000004
QRvau-9rkHA,115.71187499999998
QTNTE-c8IpQ,537.4181250000001
QTzhh-ywS-8,7997.58562499994
QUIry-G1MqQ,2.514375000000001
QVUsD-pVZio,43.436250000000015
QVusd-W9gdg,17.043750000000003
QWVqg-ZhnCI,43.723125000000024
QWcmg-lqIAw,11.07
QWgra-RGT3k,182.72250000000005
QWswf-EQkJI,259.8581249999999
QXfJO-MUENs,5.3831250000000015
QXkZF-xE8PE,143.87625
QXzHG-8HjNk,13.685625000000002
QcqbS-n8ACA,389.66062500000004
QfTcQ-VqjDs,29.43
QfcKZ-0szek,385.23937500000005
QoUiF-9G2L8,4.168125000000001
QqwUm-mlcek,202.4493750000001
Qqwum-w19l0,166.42124999999993
QwVqG-UnHa4,107.96625000000002
QwZSY-BWvsw,131.6925000000001
QxKzf-wmbyY,7.627500000000002
QxueG-l9n6U,13.483125000000001
QyqGE-FT8E0,48.75187500000002
QzEuD-Fv-Lg,78.384375
QzMzq-kAv50,743.5631250000001
RAIyD-J4QuU,540.9112500000003
RAuQK-hazwI,6391.153125000057
RBoCO-quLZo,11.221875000000002
RCgJw-Tk6i4,123.82875000000001
RCqQy-cdaow,258.39
RDQoc-gYGeo,1016.0774999999999
REfmi-QzVRc,723.1275
RFCNP-tksek,130.34249999999997
RFZRO-Y3erY,6.159375000000001
RGMPA-Ve_Qk,13.702499999999997
RGUTr-9B0YA,1000.1474999999987
RGVIt-dRksM,28.501875000000002
RGuTR-q2g5Q,20.165625
RHFrk-SMG3Q,3.0206249999999955
RHqmm-bRisg,14.478750000000005
RHzCG-pebxg,73.03500000000003
RJigk-Bf3TA,295.92000000000155
RLrwE-6CzZE,11.71125
RMNom-a6f0o,7042.528124999977
RNBdi-HLkeI,36.568125
RNcVm-MIdDw,154.0181250000001
ROgic-Tpwfk,22.0725
RPZLP-8H9O0,218.69999999999993
RRRjF-Wf1ys,148.61812500000002
RRYlH-sSjYo,342.174375
RRbjK-RGq7g,475.891875
RRrjF-lMQyI,9.787500000000001
RScis-SkEXc,81.20250000000001
RSsVB-hcf_g,15.170624999999998
RTGbC-onS50,60.024375000000035
RTtpf-fKHqs,1860.4518750000022
RUPDJ-rJB04,793.243125
RVXKl-Yqfrc,161.79750000000007
RYVjH-oZvE8,122.74875000000003
RauqK-_AStI,3.6112499999999983
RbMWw-EFMt0,79.83562500000002
RcQqY-VM7-Y,17.583750000000002
RdWXe-34WDo,379.299375
RdcqQ-f3uag,5.214375
RdoOr-5qQjw,1595.6156249999915
ReotF-nrOGU,76.933125
RewDG-J_688,177.845625
RfLno-fs5Fs,991.5243750000039
RgUtR-ss-f8,10.479375000000001
RhLbz-jx6vA,324.81000000000006
RhadN-0cRZU,27.371249999999975
Rhnfd-wf-8w,3.628124999999997
RlAwH-gUlJk,9.365625000000001
RmmOE-_pAys,294.5025000000001
RmnIh-u1ff4,1.8224999999999998
RmnOm-DMuqE,27.168750000000003
RnBDi-7hDYM,72.86625000000001
RoLrU-Gtjw4,21.785625000000003
RpZLp-tWNy8,7.9987500000000065
RpjfH-sBpKQ,94.16250000000002
RqYQJ--VGsc,8.623125000000005
RqYqj-ZG-ng,340.7399999999999
RrrJF-nl1fY,5.551874999999999
RsCIs-Cm8OQ,201.70687499999997
RsKbO-UIK6I,0.0
RuNtr-yS2uE,115.79625
RulVa-aXErw,77.911875
RxLqK-PG-VY,248.16374999999942
RxZiM-8UwME,286.47000000000014
RyVUj-K0RVQ,666.8662499999997
RzPuc-EAu8c,3.560625000000001
SBgeG-3ccf4,3301.306875000001
SCYuE-Hz24w,331.2731250000013
SCmau-g6ZNU,21.971249999999998
SDZHs-1ZJxA,11.44125
SDzHs-SsjKs,12.470624999999998
SHVOe-nbHAY,81.57374999999998
SItpE-s7Pu0,106.4137499999995
SKAhv-6_05s,1020.9881249999999
SKahv-tPNrg,8.673750000000002
SMWzH-tbkpE,12.200625000000002
SMkYA-9gCrk,0.0
SMzsm-GUxM4,1.299375
SOVxC-K-XRY,21.785624999999996
SPiiA-UyRYg,34.576875
SRJHr-phMJ4,266.0343749999997
SSXnu-Oz0jY,16.841249999999995
SSqje-pmw9g,0.0
SUDDb-X6Ybs,2124.5793750000184
SUtut-7G18g,1566.2531250000004
SVGqs-sq7Y0,320.9793750000002
SVHRc-km_Ls,3043.5918750000023
SVmPf-jygf4,96.32249999999999
SWrNx-jfTqU,10.378125
SXTMJ-zC9z8,87.27750000000005
SXeaM-W8B1U,484.95375000000064
SYFcC-S8MfY,45.56250000000001
ScQCe-3BXkQ,9.804375000000002
ScqCE-LKdcU,534.7856250000003
SdZHs-Dtkd8,145.80000000000004
SdgVT-_QhpM,2166.226875000024
SeNfM-P1lyo,0.0
SgekY-96CYo,1088.0493750000016
SgyXy-pGZ80,33.86812499999999
SjaQh-7iqDU,1053.7931249999997
SmMvy-qbrtE,7.3743750000000015
SoaLR-dox1o,357.8681249999997
SrSuc-VgWVI,10.141875000000002
SrsUc-F5n1E,104.42250000000001
SsqjE-jgUVM,67.06124999999996
SuTut-eeAFo,48.27937500000006
SvEDb-RlKbA,2391.086249999993
SvHrC-SZY9g,127.13624999999999
SvgQS-iTOy4,126.140625
Sxeam-J59Eg,8.960624999999999
SxkTi-pWXD4,132.18187500000002
TBHzK-n5aew,1416.2681249999994
TBZwq-n_kR0,14.343750000000046
TEDpE-gbd4U,0.0
TEfLJ-_zPdM,340.5881250000003
TGflh-C7a90,10.715625000000003
TIRCA-cOXl8,985.3987500000011
TIRcA-EI-64,0.0
TIRcA-MSVcs,3.661875
TJaJF-UgbNs,145.74937499999993
TJmVu-CXvHg,9.095625
TKLLP-FGy-c,0.0
TKLlp-vwddo,20.874375
TKUmo-tH4pw,125.36437499999998
TKZut-dLnsY,2171.019374999987
TKrsL-_DLlI,3.358125000000001
TMFIp-0cutU,35.690625000000004
TMrYs-Dq6Jo,10.276875000000002
TNZSN-8ap3w,1149.086249999999
TNzSn-zyQUM,0.0
TOaLT-YCe_w,4.5562499999999995
TRBDZ-UYSjo,309.09937500000035
TRNQw-DbrvM,27.236249999999995
TRbfr-FOEWo,40.75312500000001
TSuqS-2nltc,555.0356249999999
TTLME-GnbMQ,1260.2250000000001
TUiFG-sLWco,72.88312500000002
TWgRW-7y2l0,318.380625
TXfkw-tb2_4,1664.1618750000123
Tbzwq-IBk9U,192.27374999999944
TddCF-i_peQ,48.93749999999998
Tdrzx-ICW7Y,6.986249999999999
TepBt-pnh4M,50.557500000000005
Terqn-DbltM,229.65187500000016
TgTXb-mY4GU,14.664375
TiGQi-TkXNE,106.61625000000002
TiaOw-gQHAw,118.52999999999997
TjhBd-aEb8Y,41.698125000000005
Tjmvu-cITPA,50.760000000000005
TkBNa-1hZGQ,59.18062500000001
TkUmO--4h3c,33.98625
Tkllp-en8WM,1157.2031250000007
TkrSL-P9yIY,3107.834999999996
TmBre-SfQXQ,418.736250000001
TmNKx-1Mvsk,0.0
TmYQc-Ip0fY,988.6556250000006
TnBdc-BTvIg,354.7125
Tostj-BFu18,371.26687499999997
TrBFr-7D9gM,109.906875
TtPst-9Pnwo,333.9056250000002
Ttsal-KEolw,13.60125
TtvdW-Il-jg,672.283125
TuHNh-kNBCQ,73.97999999999998
TuPYC-KLi44,6.311250000000001
TuPyc-Lm_J4,3.88125
TuRhA-QhRco,118.66500000000003
TuhnH-cTJI0,478.7268749999994
TvtSr-0pej0,20.11499999999999
TvtSr-GIBro,30.020625000000003
TwsZs-Fg4Dc,48.616875
Txfkw-HNQk0,58.758750000000006
TylkJ-XPUwg,3.27375
Tyywi-dMK2k,53.409375
TzHiN-sUAvI,316.693125
TzwrG-NTwOI,18465.856875000078
UBaGf-g8TEk,7.948125000000001
UBqdz-UrBMQ,16.183125000000004
UCdCG-nKBls,417.58874999999995
UEwyu-ko9W4,5.771250000000003
UGEiO-e4ETk,1969.2281249999985
UGFUf-Ki-l4,20.68875
UGswl-C6DIU,33.9525
UHkgk-4n7DY,33.328125000000085
UJoMy-Q46vM,12.318749999999993
ULmDl--x3Us,56.21062499999999
UMlOO-E2xDI,144.39937500000002
UMlOO-W8iRE,93.976875
UMloO-dXdFQ,659.0362499999999
UOyzO-oH2Kk,1153.4737499999992
UPcMn-HzXb8,24.384374999999967
UPcMn-j_drA,113.01187499999997
UTSBJ-SPP3E,45.57937500000001
UTbZx-vqZ8s,41.79937499999996
UTcNU-1szsA,0.0
UTfhM-K32O0,596.0081250000003
UUhxn-2GFKM,86.80499999999998
UVMqj-bJy_Y,2015.4487499999962
UVZMZ-XjmMU,5.1468750000000005
UVZMZ-xsls0,69.440625
UWmeH-3_L7s,0.0
UXyGr-yy1Q0,411.716250000001
UZIiW-3OcI4,14.394375000000002
UZlqd-sM3YI,282.45375
UZpse-uMsiE,199.09125
UaQao-OAZDI,47.38499999999999
UbFRD-pbZGw,73.28812500000002
UcTQx-NyJt0,135.91125000000005
Uctqx-zfFCA,438.3618750000001
UcvCe-LSctk,22.950000000000003
UeUDr-p32r8,234.81562500000004
UefmC-_Mnew,63.281249999999986
UfJUA-KrRiw,23.861250000000002
Ufqpy-rSLvg,13.668750000000003
Ugrba-BN_WI,39.92625
UhCiV-ZC9cE,30.611250000000002
UmIbg-AId6U,1.5862499999999997
UmfhK-14hDA,120.92624999999997
UoDkI-qXn0A,560.5031250000002
UoXKm-cDleo,337.5506250000002
UoxKm-SP3o0,92.79562499999999
UqXMM-s-B5U,898.0368750000011
UqxmM-rpJ6c,54.60750000000001
UrREY-v43b4,41.96812500000002
UsPWq-yKuRw,109.06312500000004
UtBZx-F1-3g,48.971250000000005
Utgxu-4iyvc,1146.2512500000014
Uuhfb-3qmYo,55.33312500000001
UvMqJ-xHbhE,127.186875
UxrTw-RqQOw,4.876874999999999
UzLZw-dNlo4,279.07875
Uziiw-UAZUw,3067.554374999996
VAXmg-Z-xXQ,139.67437500000003
VBRQA--SpTE,609.2887499999998
VEIUm-kaYS4,79.363125
VEddc-mXpYU,280.2262500000005
VFDJp-Juqxs,12.251249999999999
VFcqb-bgUzs,33.530625
VFmmG-xvRJY,334.3106249999978
VGqXZ-PmqNY,95.47874999999983
VHeNn-sBvj0,33.496875
VHfNT-cukb8,7.290000000000003
VIIEy-702Cs,13.483124999999998
VJSga-Um3tE,89.70749999999994
VLqhx-fUEIw,303.3618750000003
VNUAK-bnMxY,153.208125
VRIRo-xXlvE,365.850000000001
VRLXP-k4NuQ,442.9518749999999
VRLXp-PXJW4,26.308124999999997
VRiRO-uldLY,54.13500000000004
VTumt-7jdAM,57.40875
VUBLW-VNkRM,0.0
VUqzX-Kjpvo,10.732500000000002
VUybn-nSR34,600.5306249999999
VVNrL-pDE1o,8.083124999999997
VXJbZ-gSA5w,162.42187499999935
VXkYa-XHDNU,120.21750000000002
VXkYa-d2E6k,69.71062500000001
VYGFD-dcLFU,108.70875000000002
VYNxr-Rh7Xw,4.3875
VZIdZ-DgmQg,258.6262499999999
VZpId-iliB4,1800.9843749999984
VZtyF-FuK-U,11.137500000000001
VbRqA-KcKL0,79.34625000000008
Vbaia-NC0fs,252.80437499999996
Vesos-faghs,2773.3725000000068
VhWal-vwrJM,184.37624999999994
VhwaL-d486o,9.635625000000001
ViXpw-jTO4c,464.9906249999995
ViiEY-oQ_7k,70.858125
VjIGz-P1wiQ,73.71
VkaCR-NpuGg,20.368125
VkxqF-ZbQig,1855.102500000003
VlQjV-pIWFQ,110.16
VllwP-0pPEw,62.42062500000006
VmRUb-i83fE,10.783125
VnksV-jCdFY,200.79562499999997
VonPd-BaRDU,7.289999999999999
VpHOW-8M7Kc,229.01062499999986
Vpklw-JlOx4,15.862500000000002
VrgGR-N_B6Q,1.198125000000001
VssfX-bjx-U,1014.1031249999994
VtumT-3IPTM,65.728125
VuYbn-lU7jg,500.68124999999975
Vvnay-ACoT8,157.73062499999995
VxKbO-U--70,40.19625
VxeBO-BPnoM,56.834999999999994
VyGFd-OJ71E,2616.2324999999955
VzLTT-AC0hw,37.783125
WBGgy-4DWI4,190.80562500000005
WCvbf-CPJz0,43.739999999999995
WEDFI-18TU0,655.2056249999987
WFaMU-fuoOU,822.5718749999994
WFamU-nS1Fo,206.026875
WGWQG-myurI,12.858750000000002
WHrHo-dVHgo,87.22687499999998
WLKgQ-q4N1g,35.302500000000016
WLMPH-ynf4E,112.08375000000002
WLOhf-Qajco,39.18375000000027
WLWtN-KTdfY,668.1318750000007
WOGAM-eB2vw,2591.5443750000086
WOgAM--Ig0M,92.20499999999997
WPjmJ-Yva28,5.265000000000001
WQEnc-yfmrc,194.73750000000004
WQdOB-2kvl8,11.188125000000001
WVmBl-XXY-8,23.591249999999995
WWkia-UE8fQ,11.120624999999997
WXDwS-CFL8c,114.07499999999999
WXOrO-ta-qM,624.054375000002
WXZnK-J2Mro,15.980625000000003
WXmDJ-CNsCs,13.12875
WcTRV-MKths,50.675625000000025
WdJPH-KTdUY,25.548750000000005
WdguD-6myOA,14.461875
WeDFi-2AGt8,20.503125
WebSP-OecBo,37.681875000000005
WefTa-ugscQ,328.303125
WfRMS-QsLCI,1.400624999999998
WgbQq-MiKXo,40.60125
WkTXK-hXVBo,8.454375000000002
WlPAP-MOUaY,34.96500000000001
WlWTN-uscso,8.47124999999999
WmTcG-9rq4M,0.0
WoRRm-54UNo,6.952500000000001
WoTkV-h6FOg,66.268125
WpIUm-mo4-c,17.61749999999999
WrXme-Qk65s,461.17687500000034
WrkrP-CaGpo,740.0700000000006
WwJsg-BxVts,4.303125000000001
XCjma-AYJfY,45.849375000000016
XEBBg-Sonp0,660.2006250000009
XGMHW-Idz2w,10.799999999999999
XMMFV-I8-4Y,122.27625000000002
XOhsc-yQl8w,103.79812500000001
XQPli-m-lH8,106.36312500000003
XRgol-q_S-Q,147.16687499999995
XWPhq-NRwTk,163.40062500000002
XWWyo-FqkLk,13.921875000000002
XWcPY-Kx9Nw,3.4425000000000003
XXMNH-vBv2A,50.55750000000001
XXasr-A7oRA,176.31000000000017
XXhsW-KunrE,198.72000000000003
XXmnH-yTm-4,401.3718749999999
XYRGK-T60s8,5.3325
Xanbn-MwsGo,277.86375000000004
XhReh-116jw,108.65812499999996
XiUtN-XX-T8,8.504999999999999
XiefM-jfAxY,1874.2049999999995
XjEiY-9CC_4,515.9024999999999
XkucY-U5Tg8,7.492499999999998
XmKsi-NS5z4,3636.1406249999673
XmNoy-_yecA,984.2175000000007
XoHSc-s-k8U,42.35624999999999
XohsC-bmHwg,9.669375000000002
XokJj-Ttlfk,347.25375
XpPqH-IGhI8,34.425
XpPqh-NfymU,23.22000000000002
Xpivt-A8mFk,28.130624999999995
XtHaM-8HjWw,24.080625
XtfsO-xr_-M,46.08562500000001
Xtsgo-lvM1w,930.9937499999986
XwcPy-FxfE0,297.3375000000002
Xxycu-x9AK0,58.066875
XyZIh-KB5y8,420.74437499999993
XzUmW-a5vbQ,12.808125
YBDSL-jrmD0,57.81374999999998
YBzvx-Gt-ww,32.04562499999999
YCYEt-TXLMs,4.6068750000000005
YDDsY-8IbkQ,137.14312499999988
YFbPd-aPsVo,12.521250000000002
YIzYG-B6xPA,1.5187500000000007
YJWtH-UEB68,131.0175
YJWth-pImdI,364.6350000000001
YJjUb-yNc4w,12.436874999999993
YKwnv-9uxSM,18.25875
YLROy-SyEBg,577.6818749999996
YNQKz-3HmeE,116.52187500000001
YQWMk-8wKhs,1053.1349999999995
YQvhR-qH49M,59.43374999999998
YSLpr-9ejgQ,824.765625
YTIiT-y8440,50.979374999999976
YVkhs-2GRFE,200.9306250000001
YXMwC-L5V0M,288.19125
YXmwC-8YDlI,17.31375
YZVVN-nCvYw,19.186875000000008
YaRzr-TMVMo,384.15937500000035
YawfS-uUBZk,409.96124999999915
YbVFL-qPbmY,68.698125
YdHOZ-K11VA,14.478749999999998
YeXsp-tyxxU,24.148125
YfQvy-asJS4,8.555625000000003
Yfdea-UAIsw,0.0
YfhvP-Gpk50,141.51375000000002
YgCtW-xyLk8,205.891875
YiAjA-vCUgU,128.874375
YjPvU-pIwRI,9.315000000000001
YlMNu-AIxi8,405.99562500000013
Ylexq-Oyqu4,2.784375
Ylnma-x3Oy0,12.268124999999998
YlzMl-y9z00,27.928124999999998
YmAJU-AG8fw,431.24062499999997
YnkTs-YAfSQ,2.143124999999999
YopOR-uxCP8,4.134375
YpsXc-PBxyE,75.24562500000002
YqQsC-_lMgM,29.3625
Yqqsc-klnBw,66.84187499999994
YqwMK-_kNA8,63.146249999999995
YrDqo-IIC54,1284.1031249999987
YrQVF-RrW0s,12.217500000000001
YsAla-TcQj0,11.660625000000001
YsSAM-9aJbc,0.0
YsaLa-vZcss,14.461875000000003
YslPr-MwIMw,205.30124999999998
YxQwt-Rzfqw,0.0
YxSMT-1E0TA,234.208125
YxmGv-2e5YM,134.476875
Yygtj-NVIqE,50.32124999999999
ZBoKL-CmCWg,253.783125
ZBoKl-WRMOs,14.310000000000002
ZERhJ-qPAdo,4181.911875000008
ZFERE-NrFdY,639.8831250000007
ZFERe-iHUA8,14.023125
ZFOif-mB1GI,820.9012500000011
ZGEVY-bzgbU,28.569375000000004
ZGbQr-BJrjg,370.0856250000004
ZHXat-Tb3W8,187.0593750000001
ZHpvI-iqXns,754.3293749999991
ZIBAm-SQPo0,167.6362499999999
ZIbaM-N4-Po,29.2275
ZIbam-UTknQ,19.929375000000004
ZJIgh-IetrE,361.8506249999998
ZJyTL-LVjrU,4.809375
ZKbTd-jIElI,11.643750000000004
ZLzOG-moO1s,13.365000000000002
ZLzOG-tNg7Y,438.36187500000085
ZNlQc-Imzno,98.28000000000002
ZPeQr-piGmU,80.45999999999997
ZPeqr-uAgKA,1.2825000000000006
ZQilb-Lk3AA,3.881250000000001
ZSeeT--2ZSA,53.848125000000024
ZTJwB-Y1850,21.5325
ZVSBC-7hAss,1932.0356250000054
ZVTKn-OFUDk,49.511250000000004
ZWTvN-wAE_o,178.335
ZXTkL-zRXN4,1596.9487499999957
ZZkwO-MBXdw,2061.568124999997
ZaPOK-1KIBs,59.197500000000005
ZapoK-duoXo,12.706875
ZasxV-tNSbk,269.7974999999998
ZbuAV-xLvSY,210.515625
Zbuav-boSXo,7.138124999999998
Zeiel-NfX18,96.17062500000002
ZenQc-SqWt4,19.355625000000003
ZeoiL-t3cxs,196.55999999999995
ZhXSt-Ao32g,0.0
ZiBGn-XjOSY,122.00625000000004
ZiZcM-zcVK0,29.362499999999986
ZiqtB-Meq5U,757.6368750000015
ZjbXz-juFF4,7.9312500000000306
Zjwqj-dzxz0,3.189375
Zkvub-0DDys,4.573125000000002
ZkwXu-WGOUk,10.040625000000002
ZlVDj-jDtkw,103.12312500000003
ZmPvt-BPyck,7.5093749999999995
ZmgKp-tk1Bk,49.08937500000002
ZnfEE-DugEI,655.897500000001
ZqsNv-ctJpI,156.12749999999997
ZrnPg-jqJ7U,445.78687500000024
ZsAQm-qpGX8,39.23437499999999
ZsEEt-yhaas,16.554374999999997
Zsaqm-fdjAQ,56.193749999999994
ZvgEq-ypIvA,124.23374999999999
ZwSIf-86FR8,0.0
ZxTKl-nW61w,3256.351874999995
ZxUMf-SmQzw,20.857499999999987
ZxUMf-x_3Qo,165.32437500000003
ZxwiR-ksRn0,468.9731250000004
ZzQmk-fhhFY,1120.0443750000054
aBSpw-bQYwQ,2353.893750000003
aDiMt-lRNzo,12.639374999999996
aHlsM-Wpfoc,1365.8456250000065
aJPzK-hGIjk,4.35375
aJpZk-I8fHk,154.59187500000002
aKlza-W0THU,0.0
aLxkM-SOiUU,25.65
aLxsJ-tSdQ0,1245.2906250000015
aMMqS-Z_-1g,2.5143750000000002
aMTSj-0n0ms,156.68437500000005
aMbuf-LQcNI,54.92812500000001
aMnca-l87uo,27.135000000000016
aNgvV-oyGdA,23.490000000000002
aOUyp-sU-Hk,47.671875
aOnxX-Cpaio,0.0
aPBlP-tpVIo,270.45562499999915
aPERX-scUsc,20.520000000000007
aSMIY-HuHd8,135.11812499999934
aSyge-FRvAI,153.984375
aTmSm-QLk_I,290.5031250000027
aTmpu-Q62FM,964.0687500000006
aUDgh-RQCOE,121.55062500000001
aVXTB-7UJV4,2333.4581249999874
aYaYf-soCb4,69.86249999999998
aaEwl-YoVHI,4552.571250000017
aaeWL-z9g4k,39.31875
acTlB-K_vA8,34.374375
actlB-wyqrg,48.549375000000005
adDby-cuFVU,664.7062500000001
addby-z-U4c,190.19812500000006
afuzc-4Oow8,0.0
ahVbE-afgs0,229.50000000000023
ajNjh-iAEtY,599.703750000001
ajXaF-HKLZQ,82.231875
akjEM-7ycjw,4.7925
alxKm-nZUoI,36.905625
amNTL-qMEH0,15.069375
ampQM-RUAKc,43.74
aoNxx-B2awU,56.53125000000001
apQoQ-MR1fA,180.49500000000012
apgaM-pW7q4,12.403125000000003
aqvCj-3PYzo,887.878124999999
arBSY-JFCr0,581.8162500000005
asMgY-mClpA,96.508125
asmIY-ixgfM,24.620625000000004
auBVv-HKqCI,12.774375000000003
avjTG-M25os,17.009999999999998
awpUS-as-_c,2.1768750000000003
azASg-q1C8Y,294.23249999999945
bAbTt-HUrGE,12.031874999999996
bBHjP-T4e3k,635.3775
bDIxe-9RV24,733.2356250000009
bDpDd-sIM3c,345.70124999999933
bFJDn-YIP38,13.601250000000002
bGrtM-cA420,127.54125
bHFUd-1UdXc,77.59125000000002
bHOcO-K8UZY,36.7875
bHfUd-8MUKM,710.8593749999993
bIGow-Ynys4,18.798750000000005
bKNUd-r4AGE,3423.498749999999
bMhgU-dMeFc,5.585625
bOSuA-Md5LU,46.40625
bOkmg-ZLApU,15.069375
bPdwV-pUSfc,174.13312500000006
bQUFT-OWLng,190.0800000000001
bQugb-A3Ba4,994.7643749999986
bSsyY-lbIpk,75.53249999999998
bUEFc-JXGl0,17.145
bUEFc-UH938,16.166250000000005
bWHtD-Z-5Bw,114.46312500000005
bWPNF-GLW3E,372.80249999999967
bYkPk-aTsJw,7.32375
baBTT--SI3Q,277.79624999999965
bcOjn-Py-Sk,12.706874999999993
bcoJN-nIG98,60.4125
beyHB-FCVxw,14.512500000000005
bfCjR-fGy6c,30.78
bfoeH-xN0qI,6.581250000000001
bfyww-flvtw,4.016250000000001
bgqDK-qom_4,387.973125
bigOW-mtZbA,57.50999999999999
bmmPr-_uQxs,757.9912499999998
boTuD-2CUCY,66.38625000000003
bovHs-XbySU,5.4
bpsCj-t4vmk,0.0
bwDzN-O7O8g,126.03937500000015
byPJz-IGP84,82.06312500000001
byXXF-KD0PQ,216.42187499999997
bygsW-HguRA,4.404374999999998
bzILO-1FFK0,2.3287500000000003
cAgsN-8ahWA,2.2275000000000005
cAvSI-aOe_M,45.6975
cBfZx-wOJyo,17.853749999999994
cCeYE-5vNWM,315.74812500000013
cDOgu-V-E14,108.57375
cDkfN-j8mc4,92.54250000000016
cFvRC-q1a_4,156.313125
cGsmN-eupTI,2.6831249999999995
cJQFQ-ByZJ8,3247.8637500000095
cKoSN-7sYCU,17047.95187499992
cLfue-_mclI,55.434375
cLypn-rQMgc,8.943750000000001
cMgbB-Uc-Ao,710.5218749999998
cOdsY-jO68E,67.854375
cPolG-cX-20,462.0206250000002
cQkUR-n4Lsk,11.964375000000006
cQkuR-qUR2I,166.20187500000003
cQmfB-Xtgx0,77.15250000000019
cSLUD-VuwN0,241.19437499999998
cUTMe-avegA,23.506875
cVJui-ZEtSU,48.34687500000001
cXBqa-fn87c,538.0931250000001
cXMsL-ubDWk,1.18125
cYHtT-0Pyzw,30.02062500000001
cYKYZ-yNWz8,30.560625000000005
caeJe-4e5I8,27.202500000000214
cbVUA-LyCYM,2682.2475000000013
cbvuA-M1Qpo,73.288125
ccNFL-AEt1k,138.81375
ccgiG-K6w10,356.14687500000014
cdBEC-M4r5c,5.298749999999998
cdBEC-eVy3E,48.29625
censt-_nT-Y,83.90249999999996
cfvRC-20b0s,28.096874999999997
cgLfG-FvEZ0,7.306875000000001
ciPcO-oP-os,1133.7131249999884
cifIX-8LEAI,4063.0950000000194
cjrII-Qgjcc,237.9375
ckQxf-mkIS8,47.131875000000015
cknIa-8Pi4k,9.011250000000004
cktfL-gMylM,1.265625
clduB-nWkMg,2200.4493749999992
cmgBb-gEnsc,174.74062500000002
cmyYH-lzmnk,322.531875
cnXXd-ollIU,11.17125
cotOx-VCcKI,0.0
cqIyM-oCIRY,26.578125
cslud-b7ME0,16.16625
ctGHf-rZ8Ec,731.5818750000005
ctgYK-Hgy0I,32.079375
ctrHy-0fTRg,622.7212500000003
cuTME-9WJUM,39.62250000000002
cutMe-myKtI,1346.4899999999998
cwAQL-VRU9E,45.1575
cxMKD-KmK6Q,124.48687499999996
cxmKd-QZCb4,13.381874999999999
cxuKN-awSQ4,31.860000000000003
czAbR-Sp1gY,3917.37937500001
dCifc-Fe0pg,258.2549999999998
dDUkQ-4s0es,71.6175
dEZyu-38yc0,6.041250000000001
dEzYU-2NtnU,1817.2687500000027
dGISn-Ob-6I,35.28562500000001
dGIwV-3TRPc,105.31687499999997
dGYSL-kBMAg,60.564375000000005
dHNvZ-noyAc,2405.5818750000008
dHmBe-4OR7o,70.57125000000002
dHyug-HowxU,144.70312500000006
dIXkR-2rdvM,506.7393750000004
dKCcg-xUP5o,11.441250000000002
dKDeI-XckOg,5.805000000000001
dKccg-9KnZY,321.3168750000001
dKccg-V2zTU,172.69875000000005
dKqtA-M8rx0,39.015
dMABT-Rkkik,6.4799999999999995
dNFIi-ncVX4,0.0
dNqdM-UjCPw,14.681249999999999
dPSIN-f4L84,25.042500000000004
dPcpD-i2D0U,585.4781249999994
dPxQw-5Cq3o,256.5000000000002
dQIxZ-wVCoM,1.1475
dSjEo-sb2-g,7.138125000000001
dUFHY-Xrodw,48.02625000000001
dUXQE-oMwug,11.694375
dVzZx-aHTX4,739.2768749999993
dXGwV-7fmF4,23.810625000000005
dYSOa-KahH8,1027.5187499999988
dYsOa-_9U3E,70.68937500000001
dZTry-ZBtuA,46.051874999999995
daNiR-5D7FI,59.16374999999997
dcodG-sKuw8,11.407500000000002
dcufj-xGZ18,100.86187500000003
dezxu-HRjP0,390.7237500000001
dgYSL-10Onw,8.150625
dgZhP--hHOw,57.172499999999964
dgmch-fwzLM,10.901250000000001
dgwlN-CMZ1c,677.0587500000061
dgzHP-i0e8Y,127.71000000000001
dhUfP-wlEr4,3.4256250000000006
diKDV-eetHc,93.96000000000002
dihwR-Tvqc8,125.82000000000002
djjqs-kW0tk,6.6487500000000015
dkcCg-l1cBQ,651.5606250000014
drGtN-wj4M0,549.7368750000002
dvXfD-nIFZk,3.6618749999999998
dwqDu-4BxBk,46.00125
dwqdU-Z3YEg,71.6175
dxGWv-AnG3g,248.07937500000003
dxPvS-IGNV8,91.74937500000001
dxPvs-8jctI,96.37312499999996
dyjlC-OKnoM,24.19875
dyznJ-LQaEo,442.9012500000003
dzqRK-G1Nv4,318.2793749999998
dztRy-EYyhg,105.114375
eAGnp-TVhIE,18.05625
eEWtP-tQVAo,115.711875
eEwTP-EGTi0,270.0675
eFKKq-gsEu8,199.49625
eHRUZ-4LIOA,125.938125
eOars-Ul2jM,1548.1462500000005
ePpsE-ZYRq0,32.99062500000001
eRVlj-VOm9c,11.88
eRbuD-0FqK0,0.0
eSqxR-Iku4Q,33.56437499999999
eTFgm-HyX0g,410.36625
eTfGm-uwVvI,7.492500000000002
eTrQY-QB7OU,167.72062499999998
eWFKR-G2Gq0,252.14625000000012
eXMfV-ifBmw,168.00750000000002
eZgYt-8m6Ko,31.910625000000003
eZziO-TMlLc,1501.993125000002
ebKYi-Axl8Y,253.20937499999968
ecoym-SbSa8,201.30187499999997
egCom-4-o2o,4.218750000000002
ehOXT-Z_-wI,47.064375000000005
eiKiP-UI5Yk,67.29749999999999
ekFwc-XldBc,32.956875000000004
enDsD-xkooA,87.27750000000002
eoSPu-1Hnsc,0.0
epYib-xnnXw,47.50312500000001
eppSe-pzlL8,8.64
eqSEg-IRszs,682.2056250000002
eqvar-iBsr4,0.0
ervLj--kEhw,747.6975
etTFa-3w0T0,17.90437499999999
evWsG-4wfA8,3244.8431250000094
ewxpy-Fgzoo,7.526249999999999
exDPO-U7z8U,14.090625
exRwQ-tXZcg,7.610625000000002
ezZio-D5HSM,517.9443750000007
fBARt-Wtafs,199.58062499999994
fByOw-AVg8c,69.98062499999997
fCbSD-W695c,9.905625
fEkxC-ZqG0g,7803.219375000034
fFqAU-pLbSs,70.065
fGhTn-BcBL8,59.31562499999999
fHpKL-FcgnI,1725.0299999999945
fIaep-VhtZs,153.32625
fKiWV-HU3XI,41.596875000000004
fNeVK-o6ugo,1385.2518750000027
fQkHt-iDu9s,96.18749999999999
fRQoz-12nJM,3.1725000000000136
fRnhG-BzU2M,1.1475000000000009
fRqoz-H_bkk,378.1856249999994
fSRdU-p2T8Q,13.87125
fSWlX-_LDvA,170.82562500000006
fScBk-1BhYE,0.0
fSrdU-z618I,491.38312500000086
fWrPv-M5OuA,4.539375
fXEwZ-14G4s,10.192499999999997
fXJLx-drDu8,352.1474999999997
fXOnX-CRJ5U,133.97062499999998
fXenW-Rl7io,863.9325
fXewz-7UHwM,5.467500000000003
fYEwN-86DVE,10.29375
fYoyf-WE-vQ,493.49250000000035
fdZTx-ujxG0,428.8275000000004
feJJa-fefTs,6.142500000000001
feOfI-jEZyc,3.864374999999999
feofI-bvQ1g,62.99437500000001
ffQZn-gAXYY,47.77312499999783
fgkTo-xSnKc,31.725000000000005
fhPkl-XQLvc,6.311249999999998
fkYns-TUgaw,25.531875
fkfuZ-aXH7Y,0.0
fkiWV-TusYg,7.475624999999996
fmgRE-ebvZE,562.1062500000012
foTLc-X6nF4,689.7149999999995
fomcP-3Q-vo,8.707499999999998
fqbPk-jWD6g,16.824375
frQoZ-ExuNk,674.5781249999999
frnUf-oLOBI,869.332500000002
fryEG-NvzQ0,1210.6631250000016
fsDWS-VqvK8,259.2506249999999
fsaYa-tUF6Y,151.94249999999994
fvJrl-tLTsE,0.0
fvtkW-q8t4k,3.628125
fwHQS-2G2pQ,0.0
fwkwb-3GxHY,1789.44187499999
fwmtf-W13i8,22.291874999999997
fwnCe-kBAdY,32.416875000000005
fxENW-8PBcE,8.488125
fxKdX-0wEjQ,27.101249999999958
fxeWZ-3p6Yo,182.806875
fxjLX-dNoCE,3.999375000000001
fxkDx-Xm2qQ,596.5818750000004
fyewn-7U_Sw,916.8187499999997
gAMIz-6Fh9U,69.94687500000003
gAZzc-k7SAw,11.053125000000001
gAmFw-1O9RI,300.76312499999995
gCeAf-ujmqg,138.83062499999986
gCrVb-7qJ58,100.1193750000001
gFAyh-QCF1M,107.578125
gFUXG-lWdY8,45.883124999999986
gGJtb-Ndlws,112.79249999999996
gGcDO-RojVE,2022.316875000011
gHUkL-EaSTM,88.42499999999998
gISFe-wL3Y0,631.057500000001
gKJLM-GZp2s,77.355
gKJLM-oz86Q,76.81500000000003
gLHWa-di3gk,402.0637500000001
gLhwA-zz-aU,73.74374999999993
gMOKl-0vhCo,81.60750000000002
gMSmp-mp_qk,79.75124999999998
gNUEr-XRzSs,2687.7993750000005
gNWCH-VpZO8,86.34937500000008
gNuER-JtL3Q,0.0
gOsTX-JKzVs,99.005625
gPryJ-avVNo,297.13500000000033
gQTAA-2V9VI,575.0662499999993
gRbmK-vXKYU,7.155000000000001
gRfCL-A2JAw,306.55125000000004
gSHyG-BXtkk,17.600625
gSPkZ-znByI,1250.5724999999995
gUqPk-7DrZw,491.0456250000013
gWmeX--LEGM,915.4856250000013
gWrbb-JkSb4,588.3131249999997
gYgqn-oRG4E,40.905
gZYXc-vO72E,1822.3481249999957
gbnep-XZaB0,200.91375000000005
gcIVV-nOfX8,127.49062500000011
gcNTT-L6B2o,191.70000000000002
gcxrT-6W9Nc,0.0
gdogT-Ibweo,199.783125
ggcdO-VlcO4,2409.412499999994
ghKOX-HWm2g,1286.8875000000066
giWau-tGOSw,82.13062500000001
gkJHh-OyctM,2.345625
gmPUT-88Lk0,548.3700000000002
gmSmP-EaWIk,290.2837500000001
gnOHy-T2v08,6208.7850000001
goqvY-QwCwo,268.75125
goraE-A7rrk,198.73687499999997
gqDJN-x-ESQ,2.413125000000001
guQpk-znnm8,29.04187499999999
guSwx-_Bq-8,571.6406250000002
gvUmV-hAlMA,13.027500000000007
gyXsO-0njbs,53.240625
gymCu-xjRRw,77.135625
gysgD-GvWMY,16.115625
gytaJ-DhqCI,27.540000000000035
gyxSo-1zxDU,4.049999999999999
gyxSo-5bLFA,96.204375
gzPTB-YtbMU,431.4768749999992
hBgxw-lJ4t4,487.7043750000003
hDQAY-b8jhs,15.035625000000003
hDyDN-FeB8E,89.52187500000001
hFdaA-hQ5H0,468.5850000000001
hKgiX-xX2_Q,59.923125000000034
hMNFG-MyW2k,120.01499999999999
hMosv-0ZGhY,822.7237500000006
hNZZX-7pTyI,14.175
hNbdD-S9N3M,198.41624999999993
hNzzX-vL5QA,139.1681250000001
hPKFm-FIi4Q,14.883750000000001
hRJIx-94ND4,0.0
hRJIx-JsYyQ,527.664374999999
hRXsA-7RAiI,555.2043749999996
hReaF-o0--M,146.93062499999996
hRmbn-jQLZs,321.6881250000001
hSGtv-MUsHk,203.25937499999995
hSeuk-aL0n8,126.76500000000007
hVizN-jZbDQ,25.768124999999998
hWNIS-0lOSE,121.23
hYicB-FC_GA,3258.7481250000037
hYxDC-bCzI8,2132.3081250000105
hYxDc-lE8FY,196.54312500000003
hZVlQ-ETQEA,41.31
hZupj-gXG2c,1728.0506250000026
hZvLq-5fP6w,114.09187499999996
haOWv-ZCwsk,0.0
haoWV-OQOeY,1025.257500000001
hcTQa-52c0o,842.771250000001
hdqAY-LNDgU,101.41875000000002
hePMc-KriQY,620.4262499999999
hgmKY-nD740,7.121250000000001
hjVls-xZm2A,94.53374999999997
hjzyU-4p_tE,4.404375000000002
hkgix-xPXkk,56.98687499999999
hlmsu-S6f8g,130.57875000000004
hlvlx-zAKVM,23.827500000000008
hnBDD-MBXes,1.4343750000000002
hnBDd-UfCqM,2.649374999999999
hoMyV-TBFOk,95.20875000000002
homyv-YTWR0,309.3862500000001
hqdVf-pcsPY,9.365624999999998
hreaf-xsEg8,6.024375
hsGrl-cyG6I,40.06125
hsgRL-B4Z9k,41.15812500000001
huByH-0uCSc,8203.545000000013
hubyH-dLA90,60.90187500000002
hukWr-Qh9QE,150.44062499999995
hvIZN-ZMZH4,48.5325
hzpyv-3R__4,5.754375
iBEvZ-MbUo4,64.175625
iBskB-cdMns,28.569375
iEram-wukt4,98.49937499999999
iFqLg-iBfyE,30.223125000000003
iHOvH-4uSqk,58.82625
iHVhG-9td0M,410.3662500000003
iIEsb-EbB94,25.95375
iLRkO-RNXOk,14.596875
iLqwt-KdgRQ,31.218749999999996
iMBms-dkfbM,291.26249999999976
iMzUA-V3txw,22.41
iPJco-s0hZA,101.115
iRTdV-evIPs,2273.079374999994
iSBMf-ymUiw,53.46000000000001
iSGmC-GKjUs,37.49624999999999
iSUSy-cgNw0,98.28
iSUgy-QyHTg,25.329375
iSUsY--bFK8,1435.9612500000069
iTsIr-C3VP4,52.41375
iXOSt-LBNxc,7.5768749999999985
iXscT-KzPVU,557.3306249999998
idFHL-sKpGw,183.22875000000005
ieDtN-t87VY,270.64125000000035
ifUeZ-PM7Xc,1239.6037500000002
ifyku-rOnug,335.154375
iiEsB-XXZDQ,18.494999999999997
ilJUh-tSBXg,7.138124999999999
ilTzh-sgEeE,5.703750000000004
ilpDx-woFDQ,9.61875
immrE-QUmeI,2238.806249999992
inndg-_JaIs,20.199375
ipwns-XEjPA,13.044374999999999
iqPVQ-Fwd_4,6.5306250000000015
iqUVv-p9iQo,6.9525
iqabk-Y696Q,14.495625000000002
irlio-92psE,367.97625000000056
isUGY-agPFA,14.495625000000004
isuGY-g50pw,1743.7781250000066
itpCi-2h7ig,95.51250000000003
ixOST-lDEo8,73.44
izvlK-bPumA,8.386875
jBBzJ-mhvzg,0.0
jBtrF-S2HF8,26.325000000000003
jEaDV-_SYgE,357.1593749999997
jFkDU-t17Vk,72.52875000000002
jGDeg-LroUo,236.8743750000001
jHKZd-ejerQ,268.61625000000004
jHTcS-W7Xcs,1057.657500000001
jHvsN-Xy6Tw,52.565625000000004
jIJPI-QDJkk,1145.154375
jJDUM-7HSac,608.175
jKacw-MVYaM,398.21625000000006
jLlPU-cytZ4,4477.713749999926
jLnTo-TdRoY,26.291249999999994
jMDZc-2hMjg,6.935624999999998
jRkWE-7lRyI,184.76437500000003
jVNAh-YLqwI,72.51187499999999
jWTwb-2PZ2M,12.639374999999994
jXhuQ-M4pe4,735.6993750000001
jYiWs-SXDTw,11.947500000000002
jaeph-JXMzY,50.894999999999996
jdQPP-cL79s,6.4125
jdfzV-Wkzjs,141.85125000000002
jeDtB-VlqwM,1.9575
jfuoz-HjI8w,666.6637499999997
jgwjj-0UbWo,61.99875000000001
jhlWe-r3VOs,105.40124999999999
jjsSB-X0gco,40.23000000000001
jkDSU-VmUAk,15.035625000000003
jkSRI-i-iSc,1.080000000000001
jllpu-JPjvE,164.34562500000004
jnpSy-nPCPs,11.795625
jqoGx-Ivdeg,2.0756249999999987
jqyvN-su5to,2166.783749999996
jshHf-zFROk,7.5937499999999964
jtPUo-ivEyU,8.774999999999999
jvKpI-lgY6o,81.89437499999971
jvkPi-gI0Qw,2835.9618749999954
jvnaH-rZJLQ,55.096874999999955
jxHuq-pBSfk,42.4575
jyqor-jWlFs,15.153750000000015
jzBaz-D3Ces,87.46312499999999
kCEFM-ZV9eU,699.1312500000015
kCefm-gt6qo,12.521250000000002
kEWzs-baRpk,2190.5774999999903
kEwqi-LTHEw,170.97750000000002
kGXQT-u92ZM,88.25625000000004
kHfvG-LCOhM,118.53000000000004
kKqio-1lqeo,53.19
kLAFK-8lQOI,59.11312499999999
kQufI-KWgGQ,1058.3662499999964
kQxsS-R0f0A,37.02375000000001
kSXIY-p8Ku4,238.62937499999617
kSXiy-G1mDg,80.62874999999998
kTiHt-lH1Kw,516.5100000000002
kTkhL-d0_Ck,90.73687499999997
kUMFr-Q3xhs,37.361249999999956
kUMFr-_IodY,3107.8687500000024
kUbvu-yJU1k,173.66062500000004
kUguI-X0F-E,34.897499999999994
kVAtN-Cj-I8,174.74062499999994
kXFIO-FbZ-E,8.876250000000002
kXJxk-0tGpQ,22.3425
kXRBx-ADkcU,1.9912500000000004
kYwpl-Xkcxk,5.602500000000001
kbVRO-87IDc,21.971249999999998
kcffY-QkZFU,0.0
kfJSX-xnNF0,379.14750000000026
kgcgE-q9WB8,122.91749999999999
kkLiE-oImrI,124.57125000000002
klaFk-R4H7k,138.02062500000005
kmBrL-Xia64,253.69874999999993
kmuRI-_tiO8,28.096874999999997
kpOzx-emLjc,55.72124999999998
kpiIG-HaDGg,0.0
kqPll-AzWrA,64.918125
kqpLl-8y8cc,17.263125000000002
kqufi-A6xDM,201.50437499999998
ksaeG-qmkR0,1845.7200000000018
ksxiY-c-XVo,50.236875
ktIHt-ADbP0,126.17437500000004
ktdmm-BNyeI,207.79875000000004
kvMtR-BOzJg,112.38750000000003
kvPcp-Zr8jM,22.51125
kvchQ-zhcmM,5236.936875000019
kwSTd-yX0MU,966.9375
kxdnC-m8SZM,261.7143750000001
kxyyH-gSwRE,134.08875
kzZdO-UOKQc,49.730625
kzZdo-SUQks,36.99
kzkLh-_pmA4,4.775625000000002
lArAQ-KSK9M,667.5918749999998
lBEAq-f-mgw,145.54687500000003
lBSQG-cxx6U,99.98437499999999
lCNLh-UGO9M,191.26125000000005
lCUnr-a196o,1162.1137500000082
lFFbY-iU0hg,94.39875
lGXBz-4f4Qk,271.7718749999998
lHbRq-DRB5A,83.56500000000001
lIvFc-Nyho8,83.97000000000001
lJnrZ-6aNbk,71.83687500000002
lNIYL-jiXyE,13.60125
lNbyk-x6b2c,151.453125
lSgJA-Lt6hk,2.480624999999999
lWHZk-d9-Lw,45.17437499999999
lWOXs-TdCYk,8.67375
lYKik-RhBkk,27.084374999999994
lYsus-T4vZs,1259.246250000006
lZfpK-qGXQo,138.89812500000002
laRaQ-c3J5Q,104.4731249999995
lawCO-LTdE0,219.22312500000007
lbZWN-wq2qc,1087.9481250000006
lduIY-y5Xxg,0.0
ldvvW-PuFAI,95.5125
lgjbL-70kJE,6.277500000000001
ljnrz-xSO4Q,19.186875000000004
llSYh-aUiS8,164.69999999999996
lmClQ-l35XU,21.448125
lmSlK-oULAc,400.7474999999994
lniYL-h77aQ,268.9706249999998
lnptT-H_ZHo,3064.921875000002
lohwv-_ZfDM,0.0
lszYD-2Vp2w,172.19250000000005
ltAwM-EZlcw,37.496250000000074
luVqP-qet0w,8608.96687499996
lusaR-RkQJQ,2258.5499999999984
luvqP-LqJlQ,0.0
lwoxS-nLBzw,1.6031250000000021
lxQJp-HLlCg,13.837499999999999
lxUYy-aWu2Q,1385.5387500000008
mAFzi-C6Hhw,132.9075
mAMLk-3QINA,24.080625000000005
mAgbC-_g7aw,386.2856250000001
mBQyP-9WrqQ,11.356875000000002
mCEbo-cN8bs,268.3293750000006
mDaHy-SX_9c,7.964999999999999
mDkap-K1jCk,188.64562500000005
mEJHG-CKWtY,9.011250000000002
mHRUI-4IhL0,58.92749999999994
mHrUI-cPN9I,24.266250000000007
mIJub-eSnRU,20.165625000000002
mIwNS-DAyr8,1164.273749999997
mKGtL-Hy2P4,89.37
mKOSS-EsGRg,77.50687500000001
mKabE-QbsP4,2.5650000000000004
mMqFL-_Dn9g,11.188125000000007
mQmDk-d5UPc,3.27375
mRTWC-gQ23M,24.620624999999997
mRfiq-Eza28,8.083124999999999
mThCe-Gm_Qw,11.272500000000003
mUPGe-AF7dA,414.5343750000011
mUQuj-PLTI4,51.553125
mZiLI-vLiMc,816.5643749999992
mciSS-NQc5w,123.64312499999997
mciSs-P2J-0,96.66
mfugQ-qkyL4,18.629999999999985
mhnUy-cJKQI,4.7925
miWnS-8K2cc,366.18750000000017
mixdj-9N808,69.84562499999998
mjumU-pW1wI,153.225
mkGTl-c-Bew,3.94875
mmsin-2bqH0,8.707499999999998
mmunE-2PzuE,187.17750000000004
mpIHr-J_AGE,27.33750000000001
mpPgZ-lNHsQ,586.7268750000001
msFtd-0X1Z8,98.836875
msmMH-MFW0E,1034.825625000004
msvzo-gzkx4,1100.7056250000014
mtHce-Jcjh8,171.4837500000001
mtNfu-0dHw8,3.1725000000000003
mtjoa-sH9Lc,0.0
mxHru-g2dAQ,17.229374999999997
mzcqF-e0vus,115.66125000000001
nAgxu-CmqpU,467.2518750000018
nBFMo-hbxnk,7.3743750000000015
nBLrQ-Z63xI,2.615625
nBTdB-8CnSM,82.70437499999998
nCGCU-rCTAo,54.06749999999998
nENXv-w7Zv4,7.981875000000002
nEsYm-1J1ew,11.576250000000002
nFMEn-GyC_s,172.395
nFVVy-1FFdg,224.31937500000006
nFmeN-YFhiA,25.363124999999997
nGgVH-5L3nM,71.09437500000013
nIFgx-cDP_4,34.10437499999999
nLYSd-QWl3c,11.07
nNRMB-0C9IA,115.576875
nNbva-aeq2k,381.0881250000005
nPZrE-mAfA4,4671.55687500002
nQGTo-jCJ8Q,6.496875000000002
nRBik-dHcF4,57.81375000000004
nRRyH-ETkIo,146.20499999999993
nVNyZ-JZc9c,383.78812500000134
nVSJA-KyMrA,5.923125000000001
nVyQg-8VxhY,278.36999999999944
nZHRy-7J7TQ,11.255625000000002
nZHry-OuWQk,9.990000000000002
nZbBx-hqk7E,629.3024999999993
ndGoA-kylDc,20.925000000000015
ndQFa-3wLds,516.8981249999997
ndZNR-NmF3g,4.3199999999999985
neNxv-Rt3Jg,203.04000000000016
neprV-NAF_k,574.4587500000001
nfVvY-_O1EE,1449.9168750000003
ngXFg-V4F8s,0.0
njGdg-c1PvQ,1354.201874999997
nkcke-u5EQs,380.7843749999998
nkech-x1Xq4,131.085
nlJaN-LEiNo,329.73749999999984
nlaIb-npiZM,201.96000000000006
nmQrP-iY0XY,4.505624999999998
nmqrP-w-89I,13.398750000000005
nmrsR-VgXzk,192.32437499999997
nmzPX-QbW7g,24.94125000000001
nnEZE-OQDik,312.99750000000006
nokMm-buzDg,567.2700000000002
nprhD-GBf9s,84.81374999999994
nqpgF-szR8I,856.0350000000017
nquEz-oxYnY,384.69937500000003
nrbik-FQtHk,25.531874999999992
ntuEj-1grdc,3180.667500000003
nuGKf-JzFKg,19.895624999999995
nvZXK-ICKO8,112.37062500000002
nvjJu-DCA4Y,29.00812499999998
nwKcU-q0aQU,5.079375000000001
nxLIs-2Il9c,276.6150000000001
nxQJU-Wc53E,12.386249999999999
nysNm-IbXPU,114.02437500000003
oAbAy-6VhVw,238.7981249999999
oBvRB-lSZBI,45.039375000000014
oCHNf-Hmc6I,17.195625
oDYVK-NxUuQ,13.60125
oECDk--EQBU,788.0456249999996
oEEpT-bbnGM,1192.0499999999995
oEGEb-6mGz0,84.13875
oEXnT-bIqKM,34.10437499999999
oEcdk-WmJQI,47.53687500000001
oIFUm-gSVak,265.83187499999997
oIIoS-M2luQ,0.0
oIOSF-fAeLg,1518.4293749999968
oIosF-2soRc,47.57062500000001
oIosF-q_pfc,41.24250000000001
oJKxl-0JYIQ,30.037499999999998
oJqAn-0RUvc,10.918125
oKTOM-j7Nsk,149.27624999999995
oKsUU-mIiBg,383.7712499999999
oLKHf-_pfpg,5.535000000000001
oLabu-F4h5E,32.450625
oOIom-RKCEA,13.719375
oPAUw-TdXBI,5.248125000000002
oPAuW-uaopI,28.72125
oPetK-HLrkc,32.33250000000001
oRBPh-ufyY4,315.511875
oRNll-E1jOE,36.12937500000001
oRodK-VBgSw,39.031875
oSTTM--WeoU,42.744375000000005
oXJUx-uiJyo,582.2549999999981
oXOCa-SEJ_4,259.58812499999993
oYnbN-Nr8CQ,44.39812499999999
oaLQn-k-9sY,5.67
oaTFp-wZGiU,87.631875
obaBD-GHZUE,11.154374999999998
oePDI-J8SS4,1370.08125
oeept-hlg6Y,366.7274999999995
ohnqP-KPWnA,180.478125
ohpYU-fOSK4,12.031875000000003
ohpYu-LSx6E,504.4274999999996
oifum-KxFiQ,13.331249999999999
olJwD-E44mw,49.241249999999965
olhuF-SG0R0,2017.4906249999858
olmyK-ZU8NQ,131.28750000000002
omJYu-LEGok,887.5406249999994
onwKF-Qb1rU,406.0799999999999
ooJeg-bVubA,35.53875
oocbV-7oWUg,417.50437500000055
opdGb-qpiQI,85.20187500000006
orODK-9Jj-Q,2037.8925000000027
orbph-YsE_g,389.3906249999998
orgay-32uNs,13.685624999999995
ousbw-v8v4A,7.425000000000001
oyFnh-7T_OY,0.0
oyXTF-rKc7U,3.2399999999999984
oytsS-XfL-M,33.24374999999999
pACbf-0c9n4,704.9193750000004
pATZm-YJNFI,43.97624999999999
pAdrM-VzlEc,89.35312499999999
pBEWl-5jF6w,181.220625
pBwCD-TVbV0,13.871249999999996
pCpIb-jKGoU,2951.943749999991
pDGUt-Oh_9M,6.429375000000004
pErxR-LIwGU,11.576249999999998
pGZss-R7DEU,386.6568750000001
pHDnC-XsDfA,6.547500000000001
pHTNq-v6Uyk,27.371250000000003
pITZU-TLuA4,389.0025000000007
pJGtG-6S3GI,278.50499999999874
pJgTG-3i2Hs,354.6787500000001
pJmIO-5V23g,5.5518749999999955
pKBnz-TFCZw,135.81
pLHES-pedLY,106.68374999999999
pLsAh-WrNwQ,1111.5393750000017
pLsAh-x1Tgc,34.543125
pMJuY-x8-54,78.24937500000004
pMSOc-3E8B4,516.8306249999995
pMtgP-qe5lM,173.39062500000023
pNFpB-NEOGM,8.420624999999998
pNNFz-TqseY,337.820625
pNfmr-QrCQ0,1302.884999999999
pPZTb-dZS1Y,421.3350000000002
pSZYo--JbQY,264.14437500000105
pTIvM-AGnNY,241.1774999999999
pTpTV-o7eHU,66.41999999999993
pUbCm-YXBTU,24.148125000000004
pWwoK-fCKEI,60.429375
pXJYG-Bahic,105.78937500000009
pYPnw-wvNPw,556.2337500000003
pZGfn-OpEng,2.7168750000000017
paCbF-Wreus,624.459375000001
paTzm-jhvNs,98.7525
pacbf-aHoHU,25.852500000000003
pbewl-o2upM,166.16812499999997
pbhTM-0Kf_I,4.0668750000000005
pccrK-z0cTA,228.31875000000002
pdNXc-plK-g,0.0
perXr-Qrbg4,1963.6762499999995
pffth-HYk_I,109.72125000000008
phmDJ-2dAC0,2638.6087500000003
phqTM-lFfZk,85.77562499999999
plJZH-w1hDM,25.00875
pnFmr-Nu8VQ,24.806249999999995
pnfmr-8xKcA,112.15125000000002
pnfmr-R6uMk,21.06
ppGuZ-DjAAM,35.471249999999976
ppGuz-5uNmk,206.29687499999997
ppzTb-sZcpk,16.740000000000002
ppzTb-x0D3U,348.58687499999985
pqhuO-tcnO4,1484.3081249999987
prTiS-WqjT8,7294.421249999896
prjoo-g1xng,51.046875
prtIs-SA9Nk,4461.39562499999
psOLE-gGTpk,11.272500000000003
psnGD-WHEkw,13.905000000000001
psnGD-xTW4I,299.14312500000005
pubCm-R0lo4,26.493750000000006
pukCS-IQVwc,96.08624999999999
pulyl-kR_tk,695.6043750000003
pwwxw-LNeMU,9.18
pxdeJ-8IQp8,134.2912500000001
pzFJG-ieGo0,0.0
pzLeK-Mqug0,169.35749999999993
qAYfA-g-bps,30.999375
qAyfa-hGKaI,16.098749999999995
qBfSG-GF7k8,187.53187499999987
qBulU-DwhtM,13.432499999999996
qEiWS-uQC34,244.23187500000006
qJSUo-69hmo,5.129999999999999
qKGtt-PG8mU,2579.2762499999985
qMmsT-t1dnQ,180.32625000000002
qNEtE-FVf6E,243.15187499999936
qNete-B4188,380.784375
qNete-s5zZQ,246.51000000000062
qNssM-7jMdE,10.0575
qOasT-nMH2k,3270.0206250000047
qQhSZ-cMJbM,458.8987500000003
qTNTe-RgygQ,166.50562500000004
qUiXu-7xwaU,10.006875
qVeEu-uZFzQ,221.63625000000005
qWGrA-JvUOM,45.14062500000001
qWSWf-jPrBI,384.294375
qYYlg-j_Rq0,560.4862500000006
qYylG-pGANo,21.22875
qahCw-3elVo,31.876875
qeiij-sbTwQ,2531.131874999992
qiOoy-bCR_Y,1704.7293750000033
qjOzx-6GTLY,3.5775000000000032
qjmLJ-SLuJo,526.348125
qmxiY-5GzGc,12.082500000000003
qnEtE-Le0I8,6.868125000000001
qnyYm-nv9xA,12.200625
qpAqe-huxeY,6.91875
qrZRy-t3-Ew,108.79312500000003
qrgZn-Llwgc,21.95437500000001
qwVqg-RS1pI,61.13812499999998
qwZSy-O96mw,286.0481250000002
qwcMG-aTT20,94.651875
qwsWF-2swLg,2.7506250000000003
qyqjs-KW290,0.0
qzMzq-kmKyg,73.15312500000007
qzmzQ-5t7tQ,3.442499999999999
rAUqK-i_qoY,24.671250000000008
rAiBG-zXAPM,11.221875
rBSQq-y0vTI,112.28625000000007
rBhhJ-duU2I,131.32124999999996
rBzdv-OstWg,24.063750000000002
rCGJW-t58hY,10.226250000000004
rCgmx-tkx-w,210.93749999999983
rDwXE-DElyM,1000.6537499999997
rEBFm-hrsMQ,11.255625
rELGa-wDKes,43.74
rEWDG-DBBH0,32.045625
rEWcL-v8w7E,224.94375000000002
rEwDg-Dx2mI,19.05187500000001
rFhie-9-ey4,681.3112499999995
rHFrk-1nLQQ,9.163125
rHiXl-mWvlw,88.104375
rIdpz-JsDdc,19.794375000000002
rJzJh-xYGLY,13.33125
rLawh-k-bxo,533.7900000000009
rMMOE-4hMAg,1268.2743750000004
rNHrU-_xn28,57.17250000000001
rOGiC-AVTs8,8.876249999999999
rOolM-69wVk,4.1175
rQYqj-D6MD4,301.85999999999984
rRxGj-lDgW8,1.1306250000000002
rScis-1ymuk,52.599375000000066
rUKIo-7ijfQ,321.9074999999996
rUKio-g8WsQ,13.651875000000002
rUNvN-TJWqw,6.378750000000001
rVaQR-V7jsk,93.70687500000003
rXRTC-Kl1QQ,9.922500000000003
rZPuC-WGWOk,65.42437499999988
rZtub-AHYqU,751.8318750000008
rbHHJ-hqU6k,195.20999999999998
rdOOr-N0ViE,28.755000000000003
rdQOC-pL5y0,352.0124999999999
rdQOc-U-MJ4,12.65625
rdcQQ-RA-ys,1328.1975000000007
rgZQl-5Y3MA,59.248125
rgutr-J4_sU,12.386249999999997
rgviT-mhomU,3.678750000000001
rhzcg--uNho,108.43875
rjiGk-jE_34,12.048750000000002
rkYDK-giHsg,31.370624999999986
rnZUi-WbYFI,8.184375
rnZUi-gLzb0,297.320625
rncvM--nrlo,964.8281250000009
rqDTw-AG4e8,3160.636875
rqXAd-FYSJ4,3.4425
rqovm-pKCjg,110.41312499999997
rqxaD-D2PhY,0.0
rrgTe-89OYk,10.125000000000004
rrylH-tPTGk,469.0912499999995
rscIS-1iBP4,127.13625000000002
rtGIQ-Zp73c,841.252500000001
rvVYL-uxfIc,10.783125000000002
rvvyL-CPxTc,288.51187500000077
rxIql-1IRYs,12.285000000000002
rxZIm-r5__I,272.4806250000001
rxeHA-WVt_Q,210.481875
rxrtC-PoO-g,47.773125
sGFTm-6q4Mg,123.96375
sGOHW-6w0Mc,400.4100000000001
sJbkV-Li1Pc,928.0575000000022
sKAEU-eJMZM,0.0
sKGyU-8K0ms,140.78812499999975
sLJZz-Q96As,129.346875
sLjzz-0g4s8,1114.863749999995
sOYdZ-jcBt0,95.90062499999999
sSVnk-nb3rc,65.96437500000015
sTlVX-ILhfE,1.265625
sUdDB-SYgR4,24.435
sUrCZ-Ag5S4,61.914375000000014
sZADx-k623w,7.560000000000002
sbgaa-4CPEw,11.981250000000001
sblYy-YA9v4,451.4568750000004
sdRKb-1oUeQ,15.389999999999999
sdrKB-8DcmA,4.0668750000000005
sfSQS-Bc2JI,2526.3899999999676
sfhxB-2ydx4,60.46312500000001
sgftM-2dFSg,553.9050000000003
shsJx-dS2Xg,333.24749999999983
sitPe-oA2p8,61.76249999999999
sivzu-TgviQ,117.80437500000005
sjPHn-cVXpc,3.425625
skGyu--eCsM,23.844375000000007
skaEU-VzxLw,557.2631250000002
smPoP-Vqt68,80.274375
smmVy-rT0Ow,98.769375
snReK-LYy24,255.74062500000008
soxlO-irhLQ,473.00625000000105
soyDZ-teQzk,88.45875
spiia-GbusY,10.901249999999994
srUap-J1J0w,1.046249999999997
srntW-LQcds,8.893124999999998
surCz-Vp3hw,16.28437499999999
svEDB-I-4-Y,130.17375000000004
sxBjJ-ixw6U,4.033124999999998
sxOQR-2gOJQ,548.572500000002
syFCC-Dh3qs,133.65
sybRq-K-dfE,4812.091874999927
tBhZk-bGaqE,10.985625000000004
tEdPE-SqIA0,823.6350000000033
tEmgp-XDy6w,2561.9793749999944
tEuEe-nf5iQ,19.760625
tGMnc-Sj8cM,51.14812500000001
tGRlW-0biOw,2357.3193749999964
tGTxb-wedvI,699.1143750000017
tKVWV-ZptLE,0.0
tMHJn-VsQR4,25.059374999999992
tMiGe-oBKwM,4332.538124999994
tMnkx-iqoqI,27.10125
tNTVs-LrWh0,1000.2824999999991
tNbDc-9mzcA,339.25500000000005
tOQti-UtGyk,41.96812500000001
tOSTj-2djMw,131.43937500000004
tQhhe-d8aM0,2.46375
tRbFR-cAf1k,2.7843750000000003
tRmxB-9worQ,53.864999999999995
tSoOp-kQhXY,5.383125000000001
tSooP-prYWg,69.25500000000001
tTlgP-r7MpA,15.47437500000001
tTpsT-sd98A,147.72375
tTsaL-yPdzg,2089.7493749999976
tUpyC-qxdEg,60.969374999999985
tUrha-aOD_U,359.1168750000001
tXEeU--3kZA,204.33937500000008
tXfkw-rHl5s,276.5137500000001
tXnqX-NJs-0,35.94374999999999
tXnqx-oXJc0,29.446875000000006
tYWTH-w5t4c,33.598124999999996
tarEM-pdjoE,72.91687499999999
teMgP-eoaq4,5.788124999999997
teORv-V0abk,41.630624999999974
tedms-ilVjg,17.043750000000006
tfJgy-himMI,8.33625
thHMh-MsUtI,179.431875
thHmH-4kZ_Y,121.75312500000001
thihR-pMUR0,63.09562500000001
thqVi-ojJFE,420.82874999999854
tiLFy-SXoLU,31.235625000000013
tiZdD-dvW0I,10.074375
tkFYM-_gGCo,74.03062500000001
tkLLP-lalzk,15.120000000000001
tlzvF-Cz_dQ,108.52312500000001
tnZSN-5g3as,30.931874999999998
tnbdC-mMWEM,2.041875
toaLT-B_kBY,165.62812500000007
tojbm-A-TUI,224.52187500000014
toxHH-xUWDY,14.276249999999997
tpCCu-MxqfU,9.601874999999982
tpcLH-l43rA,25.970625000000002
tsLur-yZmbQ,5.83875
tsOOP-OYyaY,131.2706249999999
tsPoY-LArZ4,71.296875
tsbxA-uGVCw,18.984375
tstQV-e1gl4,5.349374999999999
ttSAL-siOgw,17.701874999999998
ttVDW-58ynY,54.421875
ttXWP-u830U,15.82875
ttrIB-795kc,1678.1174999999985
ttriB-Q7yNI,45.49499999999998
tuMxY-KPXbk,187.80187500000005
tupbl-Ekdfw,166.84312500000001
tupyc-MwiJg,28.43437500000001
tzAik-3tmLI,131.27062499999997
uAFTQ-ZxHIE,436.59000000000003
uBQDz-DryeI,89.791875
uBVQE-isYkY,454.5281250000005
uBvqE-PIfsY,2613.9712499999932
uECHm-KsQhw,77.99625
uEUdr-o9bT8,9.770624999999999
uEWyu-HD2ZE,6.581250000000001
uEudR-GWegs,16.588125
uMlOo-GRJwI,8.471250000000001
uNCIB-XkKiA,1422.2418750000013
uNCIb-5tR64,411.564375
uNcIB-LOSZQ,18.765
uPlfC-t1CCw,14.715000000000003
uQBYj-wcXqU,39.234375
uQwlx-3yvzE,103.91625000000005
uTbbA-wQFLU,1232.0606250000014
uTtSM-2V6NU,44.83687500000001
uTyrf-5-0W8,0.0
uUhFb-ypZBU,78.73875
uXKwO-H1Nr4,14.242500000000003
uXRTw-MQSnE,35.910000000000004
uYqxm-S4eJk,27.725625000000008
uZIIw-9DO7U,155.16562499999995
ubVQe-3Wioo,483.3506250000002
uboKn-Lm5cA,21.29625
ucAGk-rIYLY,21.313124999999992
ucvCe-wM62U,21.06
ueCHm-wOE24,128.57062499999998
ufjUa-g0MXE,6.631875000000001
ugEio-6nojM,5.1975
ugRba-Vt5js,223.15500000000006
uiybB-zv86c,1.0462500000000006
ukJNl-O7DLw,31.640625000000018
ukJnL-x98HY,2139.361875000026
umIBg-gqoWk,49.40999999999999
umvur-SByZA,11.846250000000001
unZIj-13Ss4,5.450625
unzij-oZXLA,640.7100000000003
uoXkm-nFQpw,291.12749999999994
uoemy-sNTsY,143.18437500000005
uoxkm-YJzwU,12.993750000000002
upMsg-sdpyg,147.166875
upPbH-4ZNGc,6.834375000000002
urGIB-tneB8,4.7250000000000005
urRey-vvFdw,12.183750000000005
uspWQ-RZLHo,24.6375
ussma-pec_A,52.80187500000001
utTsm-im7OY,38.2725
utWfp-dWJ5A,0.0
utsbJ-BB28M,415.88437500000083
uuHXN-WbpCA,70.48687499999991
uvxXq-9pZ_M,163.85625000000002
uvxXq-x8Ilo,30.324375
uvyvv-t9UAs,1064.1206250000023
uwmeH-nhaiM,79.83562500000002
uxrtw-SBvj4,51.435
uxwLA-SOg7g,133.41375000000002
uzPSe-3NGFI,0.0
uziLq-ZFYjY,71.73562500000004
vDCBU-iKBk4,57.00375000000001
vDeYg-B5rHw,1836.9450000000031
vEDDC-b69pI,2602.4962499999915
vEsOs-0jxaQ,59.923125
vFLta-emtEg,81.11812499999996
vHFnt-uoA4w,254.81249999999997
vHJrG-TEekk,1.2656250000000002
vIiEy-DSoGw,438.98624999999936
vLCLR-DyhkI,45.41062500000001
vMruB-Bi1EA,53.03812500000001
vNZfG-FpVeY,321.46875
vNZfG-V8FhY,61.290000000000006
vPKlw-RTuEU,9.230625
vQTSB-4W3tU,18.478125000000002
vQpvQ-FBeiU,1.8393750000000004
vRGgR-1butU,258.2381250000001
vSehL-u1bQo,10.293750000000001
vVQQZ-pSNb0,13.567500000000003
vVdps-Th1cI,49.05562499999999
vVqQz-yEGTg,598.5225000000005
vWTEr--znaY,157.0387499999999
vXBdk-I_ddw,912.0600000000005
vXBdk-IfIUA,138.81374999999997
vYGFD-vfDvk,14.985000000000005
vYGfD-n8vtA,690.7106250000004
vYGfd-3fsHU,106.8525
vYnXR-_3NhA,454.88250000000073
vZLUI-dQdBE,4.573125000000001
vZhLj-EuwJ8,818.9437499999999
vaXMg-Benlw,11.154375
vdtmq-9S1CM,40.26375
vevBC-FIBgU,463.47187500000086
vfzPS-p_0-o,24.67125
viAzA-m3_oU,1685.2556250000027
vlQjv-AF-dY,186.84000000000003
vllwP-niJak,431.81437499999976
vmRUB-biMA0,0.0
vnuaK-Flo0E,897.8343750000001
voePu-bodoc,20.01375
vprEy-R4ALA,26.443125000000002
vqNJv-0Rspg,212.81062499999962
vqYdT-wTnT8,14.715
vtUMT-5D3oQ,513.8100000000002
vtUMT-GNaYE,2389.196249999997
vtYFe-DBy-o,7182.472500000003
vtYfE-Er3ic,4.556250000000006
vuerM-uEtzE,20.671875000000004
vvNrl-T308Y,25.81875
vvnRl-piR1A,1997.4600000000032
vvqQz-0PUXg,95.29312500000009
vwpny-wuodg,135.84374999999983
vwwwW-H64r0,173.07000000000002
vxJBz-dppJc,743.6137499999995
vyNXR-x6kQ0,37.361250000000005
vynxR-IlmSk,154.23750000000018
vzLTT-bkcLE,87.29437499999993
vzhLJ-rbkCQ,16.80750000000004
wAMgb-pi8p8,629.3362500000005
wAckY-R5Vxo,18.039375
wDGUd-HiIBk,1369.3050000000076
wDjPH-E8tzs,155.79000000000005
wJkWZ-zuKx8,13.26375
wJpJA-xSf6A,348.705
wKtXk-PbuSY,13.753125
wLGIh-w1Btw,248.95687499999983
wMviy-bkKYQ,255.80812500000002
wPIUm-u4swI,220.21874999999983
wPJMj-pSYQw,898.1381249999995
wPiUM-2JJ3Y,114.00750000000008
wPjmj-iXryc,110.176875
wQaqN-mwLyE,2373.907500000029
wRxMe-IV1H0,3.3075
wRxmE-XXCT8,1.4343750000000002
wUujx-2gLss,46.659375000000004
wVqBs-aDfFQ,145.83374999999978
wVzZT-nkMpw,45.360000000000014
wYCCQ-O-0cc,187.86937500000008
wYzHJ-oyq8k,0.0
waXPF-1tP_s,3.81375
wbckI-IKDds,754.8862499999996
wcJNh-1KV7o,127.69312500000001
wcVBf-P569c,63.585000000000015
wedFi-iFSeY,93.92624999999998
wfhPT-nc7Gc,1104.6375000000007
wktxK-eRsSA,33.885000000000005
wlEhP-EVzc0,11.660624999999994
wmKaZ-DQi3w,6.058124999999995
wmviY-WDj6w,21.751875000000002
wnIlx-BZDKk,84.98250000000004
wnmRO-EYTKc,51.03
wotKv-NILlg,133.768125
wpkAz-vla38,75.21187499999971
wqdOb-qqet0,54.26999999999999
wrtbN-cqH7U,1179.3262500000008
wufFm-5KXxg,41.698125000000005
wvcdp-QbgGY,6.294374999999999
wwAiR-gZMCU,0.0
wwJSG-kdLyU,100.03499999999998
wxznk-zAULs,42.778125
wyVCE-cV8wk,0.0
xAomk-B6XOc,105.13125000000005
xBIzf-MIz-Y,261.1743750000001
xDLNU-uPdho,2651.686875000005
xEDUb-9bHFw,11.795625000000003
xFkrY-eIyzc,72.613125
xHehK-8zKDQ,0.0
xHuAm-aWfpg,787.2524999999994
xHuaM-507_w,206.00999999999996
xHuun-wQbwE,95.81624999999998
xKKuI-RHcvk,764.1000000000013
xKZmk-YfYcg,4.944375000000001
xKoIS-wgokQ,186.46875000000006
xMNoY-Dagzc,14.985000000000003
xMmFv-zBIaA,506.638125
xOkJJ-_W0YU,10.850625000000003
xPGxJ-twPP4,6.2268750000000015
xPGxJ-z9z-g,83.59874999999997
xPHLg-tCvwM,7.745625
xRfnh-6DOVA,395.4993750000003
xSZWV-uUIKA,118.63125000000004
xTIEF-A2KW0,163.78874999999982
xTQAs-DJWLw,392.9006250000001
xTQas-1v5Os,91.83375000000002
xTfSo-PMG0Y,139.48874999999998
xUPhq-xhx9I,501.4912500000001
xVnzw-1KxhQ,9.483750000000008
xWCqE-lwxcg,178.75687500000006
xWcPY-gTzyo,20.334375000000005
xWpHQ-uOGp8,7.121250000000001
xXHSW-WUhs8,429.181875
xXasr-CjJpY,317.94187499999987
xYobq-mPDnQ,6.108750000000001
xcDnZ-OeneY,9.855
xcJma-xooLk,3.6618749999999984
xctyg-uftR0,21.785625
xdCZz-o_sQM,327.3075000000017
xeBBg-cG9io,1.3837499999999991
xhReh-yegKM,78.13125000000004
xhUUn-hAtv8,5.1975
xhehK-Bk6kI,8.319375000000003
xhxjh-csf70,124.43625000000002
xjfzp-G3k48,27.928125
xkZMk-JFlGc,25.666875000000005
xkoiS-lq7-E,1.501875
xmnoy-o3WXs,153.68062499999996
xowOS-O_68c,1356.7668749999973
xpIVT-8Ykl4,104.37187499999999
xpchd-fh4Bc,183.75187500000004
xqgMH-gpkB8,42.15375000000002
xsKTb-Z4BVY,13.314375
xsWIM-MGKv4,1860.8906249999986
xtHam-3CU8I,1197.8212500000004
xuPHQ-bGwKQ,0.0
xvJwv-1SlKs,5.973750000000003
xwPHq-oudME,23.996250000000003
xwphq-JkgOs,66.50437500000001
xwvOC-05l70,625.4718749999986
xwzRY-mj1P8,24.232499999999998
xzeFs-C_RsY,1.2150000000000003
yAGgM-H2HKU,182.97562500000006
yARZr-uCaWY,424.79437499999887
yAWHr-lJk_Q,45.63000000000001
yAWfS-tQUc8,284.49562500000013
yAwFs-nXLac,675.4725000000004
yBbeR-tQpGY,330.42937500000005
yCPoS-NWbt0,23.658749999999998
yDVnG-J8bcQ,4.995000000000001
yFHVP-cc0hg,19.355625000000003
yFrSc-KEfv8,61.239375000000024
yIFLZ-4GKJw,23.89499999999999
yIPqz-v7hUY,133.75125000000003
yIrFU-aLNTg,14.310000000000002
yIzYg---pDU,91.850625
yJPVu-t5NwQ,29.531250000000004
yJWTH-TnonI,584.7693749999995
yKrJP-sFvks,4152.819375000013
yLIOJ-LRCyc,131.11874999999998
yNyot-T5_fo,292.47749999999996
yQTLB-ZE4vM,6.935625000000001
yQqSc-XtR5o,381.8812499999992
yRwiw-b9l-Y,3850.368750000016
ySWtv-otaRw,10.833750000000002
yVBfd-YSMQ0,513.8606249999998
yVcCr-mRhAo,1285.0818750000005
yXQwt-hcHVM,4.336875
yXWxy-7dxXY,0.0
yXWxy-YI-o8,15.103125000000002
yYNUh-QsbSI,149.69812500000003
yYXet-6doT0,107.20687499999997
yZbvG-0KyYw,84.79687500000001
yaMLG-6RWJ4,157.561875
yanwD-xgBTw,30.189375000000002
ycGlc-xugy4,862.4981249999993
ydDaX-v-QIo,45.545625
yfDeA-nrzDg,5.13
yfrsC-9q4uA,29.396250000000002
ygFAW-gQg0U,96.25500000000048
ygfAW-jc9G0,18.241875000000007
yiHGC-pVLiU,0.0
yjCVp-YXscQ,28.940625000000004
yjWTh-zqcmo,26.61187500000001
yjkeE-ivfNI,8.21812499999997
ymoqU-Fmipc,31.370625
ypGcf-Epeug,608.2256249999991
yqTlB-8rrnw,2.345625000000002
ytKVM-dDlbY,219.88125000000008
yufkv-LNhbE,83.07562500000003
yvLOY-XLbZ4,5.248125000000001
ywKlu-qxboU,2629.53000000001
yxjXo-P6g5I,774.1575000000007
yyPoD-bOCYk,6.412500000000001
yztFZ-qgkoA,155.08125
yztiY-LucAs,1983.926250000002
zABpi-uFr14,1291.106250000001
zAarA-SJGUk,187.56562500000013
zBoKl-IHzmI,4.910625000000003
zByuP-F_53M,2.0587500000000016
zCUiF-_bF5g,2614.477499999993
zDkRp-UeUMg,55.67062500000001
zDwRa-653ZE,232.60499999999996
zDwra-YSv8A,12.52125
zFmKR-45OE0,89.18437500000005
zFoIf-Z3z28,1189.3499999999997
zGbbz-RRS1M,760.8262499999985
zIBGn-Ts_IM,52.95374999999999
zKHqU-eNw-M,844.7118749999986
zLEiP-Tz20M,55.670625
zLauR-paJYE,79.09312499999999
zLzOg-kpFFU,4915.586250000013
zMmpH-iaQeI,153.91687500000003
zOHoY-QYLq4,723.7518749999999
zOhoY-UvMn8,597.0881250000002
zPpyT-9sx64,749.6381249999984
zQSFx-oP_GI,193.06687500000004
zRQNI-Og8vE,12.605625000000002
zSaQm-xAicw,101.41875
zTPMS-KcOOE,44.92125000000001
zTPms-JBzRU,1126.8618750000007
zUTSH-qQbBM,7.273125
zVsBc-IX4UE,2252.913749999995
zabPi-0b8WA,41.191875
zbphp-u1T_Q,37.698750000000004
zcLZv-upRN8,13.989375000000003
zcsbo-dLkoA,414.41625
zdKRp-gUKUY,3275.538749999995
zgEvy-f3qQ4,9.28125
zgwuG-h3Cro,43.1325
ziZcM-DOgow,30.088125
zjbxZ-bzbEI,76.57874999999996
zkvUB-_PSFg,11.778749999999988
zlvdJ-zsBTI,105.94125000000008
znDWp-ywhrs,69.59249999999979
zoixy-y_DvA,104.96250000000002
zqSFx-yofvo,234.714375
zqWnp-lAy4o,8.74125
zrQNi-9-ONI,139.1849999999996
zsjAS-_kAZE,539.4768749999996
ztjwb-rhzJY,147.55499999999995
zuITM-CL-N0,32.8725
zvqii-ujBow,4467.825000000021
zxWir-2sRlc,150.82875000000007
zzeLJ-ojnQQ,71.51625
zzxSJ-ugmk0,40.4325
